humidity,distance,temperature,time,year,month,day
49.3,13513.5,22.7,2020-12-08 11:08:10,1970-01-01 00:00:00.000002020,1970-01-01 00:00:00.000000012,1970-01-01 00:00:00.000000008
49.2,3009.6,22.7,2020-12-08 11:09:07,1970-01-01 00:00:00.000002020,1970-01-01 00:00:00.000000012,1970-01-01 00:00:00.000000008
49.2,3009.6,22.7,2020-12-08 11:09:07,1970-01-01 00:00:00.000002020,1970-01-01 00:00:00.000000012,1970-01-01 00:00:00.000000008
49.2,13513.5,22.7,2020-12-08 11:09:29,1970-01-01 00:00:00.000002020,1970-01-01 00:00:00.000000012,1970-01-01 00:00:00.000000008
49.2,13513.5,22.7,2020-12-08 11:09:29,1970-01-01 00:00:00.000002020,1970-01-01 00:00:00.000000012,1970-01-01 00:00:00.000000008
49.2,13513.5,22.6,2020-12-08 11:10:49,1970-01-01 00:00:00.000002020,1970-01-01 00:00:00.000000012,1970-01-01 00:00:00.000000008
49.2,13513.5,22.6,2020-12-08 11:10:49,1970-01-01 00:00:00.000002020,1970-01-01 00:00:00.000000012,1970-01-01 00:00:00.000000008
49.2,2689.5,22.7,2020-12-08 11:12:09,1970-01-01 00:00:00.000002020,1970-01-01 00:00:00.000000012,1970-01-01 00:00:00.000000008
49.2,2689.5,22.7,2020-12-08 11:12:09,1970-01-01 00:00:00.000002020,1970-01-01 00:00:00.000000012,1970-01-01 00:00:00.000000008
49.2,13513.5,22.7,2020-12-08 11:12:43,1970-01-01 00:00:00.000002020,1970-01-01 00:00:00.000000012,1970-01-01 00:00:00.000000008
49.2,13513.5,22.7,2020-12-08 11:12:43,1970-01-01 00:00:00.000002020,1970-01-01 00:00:00.000000012,1970-01-01 00:00:00.000000008
49.2,13513.5,22.7,2020-12-08 11:12:54,1970-01-01 00:00:00.000002020,1970-01-01 00:00:00.000000012,1970-01-01 00:00:00.000000008
49.2,13513.5,22.7,2020-12-08 11:12:54,1970-01-01 00:00:00.000002020,1970-01-01 00:00:00.000000012,1970-01-01 00:00:00.000000008
49.2,2692.8,22.7,2020-12-08 11:14:03,1970-01-01 00:00:00.000002020,1970-01-01 00:00:00.000000012,1970-01-01 00:00:00.000000008
49.2,2692.8,22.7,2020-12-08 11:14:03,1970-01-01 00:00:00.000002020,1970-01-01 00:00:00.000000012,1970-01-01 00:00:00.000000008
49.2,13513.5,22.7,2020-12-08 11:14:14,1970-01-01 00:00:00.000002020,1970-01-01 00:00:00.000000012,1970-01-01 00:00:00.000000008
49.2,13513.5,22.7,2020-12-08 11:14:14,1970-01-01 00:00:00.000002020,1970-01-01 00:00:00.000000012,1970-01-01 00:00:00.000000008
49.1,13513.5,22.7,2020-12-08 11:14:48,1970-01-01 00:00:00.000002020,1970-01-01 00:00:00.000000012,1970-01-01 00:00:00.000000008
49.1,13513.5,22.7,2020-12-08 11:14:48,1970-01-01 00:00:00.000002020,1970-01-01 00:00:00.000000012,1970-01-01 00:00:00.000000008
49.1,2590.5,22.7,2020-12-08 11:17:28,1970-01-01 00:00:00.000002020,1970-01-01 00:00:00.000000012,1970-01-01 00:00:00.000000008
49.1,2590.5,22.7,2020-12-08 11:17:28,1970-01-01 00:00:00.000002020,1970-01-01 00:00:00.000000012,1970-01-01 00:00:00.000000008
49.1,13513.5,22.7,2020-12-08 11:17:39,1970-01-01 00:00:00.000002020,1970-01-01 00:00:00.000000012,1970-01-01 00:00:00.000000008
49.1,13513.5,22.7,2020-12-08 11:17:39,1970-01-01 00:00:00.000002020,1970-01-01 00:00:00.000000012,1970-01-01 00:00:00.000000008
49.1,13513.5,22.7,2020-12-08 11:18:02,1970-01-01 00:00:00.000002020,1970-01-01 00:00:00.000000012,1970-01-01 00:00:00.000000008
49.1,13513.5,22.7,2020-12-08 11:18:02,1970-01-01 00:00:00.000002020,1970-01-01 00:00:00.000000012,1970-01-01 00:00:00.000000008
49.1,13513.5,22.7,2020-12-08 11:18:36,1970-01-01 00:00:00.000002020,1970-01-01 00:00:00.000000012,1970-01-01 00:00:00.000000008
49.1,13513.5,22.7,2020-12-08 11:18:36,1970-01-01 00:00:00.000002020,1970-01-01 00:00:00.000000012,1970-01-01 00:00:00.000000008
49.1,2917.2,22.7,2020-12-08 11:18:47,1970-01-01 00:00:00.000002020,1970-01-01 00:00:00.000000012,1970-01-01 00:00:00.000000008
49.1,2917.2,22.7,2020-12-08 11:18:47,1970-01-01 00:00:00.000002020,1970-01-01 00:00:00.000000012,1970-01-01 00:00:00.000000008
49.1,13513.5,22.6,2020-12-08 11:20:41,1970-01-01 00:00:00.000002020,1970-01-01 00:00:00.000000012,1970-01-01 00:00:00.000000008
49.1,13513.5,22.6,2020-12-08 11:20:41,1970-01-01 00:00:00.000002020,1970-01-01 00:00:00.000000012,1970-01-01 00:00:00.000000008
49.2,2765.4,22.7,2020-12-08 11:20:52,1970-01-01 00:00:00.000002020,1970-01-01 00:00:00.000000012,1970-01-01 00:00:00.000000008
49.2,2765.4,22.7,2020-12-08 11:20:53,1970-01-01 00:00:00.000002020,1970-01-01 00:00:00.000000012,1970-01-01 00:00:00.000000008
49.1,13513.5,22.7,2020-12-08 11:21:15,1970-01-01 00:00:00.000002020,1970-01-01 00:00:00.000000012,1970-01-01 00:00:00.000000008
49.1,13513.5,22.7,2020-12-08 11:21:16,1970-01-01 00:00:00.000002020,1970-01-01 00:00:00.000000012,1970-01-01 00:00:00.000000008
49.1,13513.5,22.7,2020-12-08 11:21:49,1970-01-01 00:00:00.000002020,1970-01-01 00:00:00.000000012,1970-01-01 00:00:00.000000008
49.1,13513.5,22.7,2020-12-08 11:21:50,1970-01-01 00:00:00.000002020,1970-01-01 00:00:00.000000012,1970-01-01 00:00:00.000000008
49.1,13513.5,22.7,2020-12-08 11:22:01,1970-01-01 00:00:00.000002020,1970-01-01 00:00:00.000000012,1970-01-01 00:00:00.000000008
49.1,13513.5,22.7,2020-12-08 11:22:01,1970-01-01 00:00:00.000002020,1970-01-01 00:00:00.000000012,1970-01-01 00:00:00.000000008
49.1,2986.5,22.7,2020-12-08 11:23:32,1970-01-01 00:00:00.000002020,1970-01-01 00:00:00.000000012,1970-01-01 00:00:00.000000008
49.1,2986.5,22.7,2020-12-08 11:23:32,1970-01-01 00:00:00.000002020,1970-01-01 00:00:00.000000012,1970-01-01 00:00:00.000000008
49.1,13513.5,22.7,2020-12-08 11:23:55,1970-01-01 00:00:00.000002020,1970-01-01 00:00:00.000000012,1970-01-01 00:00:00.000000008
49.1,13513.5,22.7,2020-12-08 11:23:55,1970-01-01 00:00:00.000002020,1970-01-01 00:00:00.000000012,1970-01-01 00:00:00.000000008
49.0,13513.5,22.7,2020-12-08 11:24:06,1970-01-01 00:00:00.000002020,1970-01-01 00:00:00.000000012,1970-01-01 00:00:00.000000008
49.0,13513.5,22.7,2020-12-08 11:24:06,1970-01-01 00:00:00.000002020,1970-01-01 00:00:00.000000012,1970-01-01 00:00:00.000000008
49.1,13513.5,22.7,2020-12-08 11:24:40,1970-01-01 00:00:00.000002020,1970-01-01 00:00:00.000000012,1970-01-01 00:00:00.000000008
49.1,13513.5,22.7,2020-12-08 11:24:40,1970-01-01 00:00:00.000002020,1970-01-01 00:00:00.000000012,1970-01-01 00:00:00.000000008
49.1,13513.5,22.7,2020-12-08 11:25:03,1970-01-01 00:00:00.000002020,1970-01-01 00:00:00.000000012,1970-01-01 00:00:00.000000008
49.1,13513.5,22.7,2020-12-08 11:25:03,1970-01-01 00:00:00.000002020,1970-01-01 00:00:00.000000012,1970-01-01 00:00:00.000000008
49.0,2682.9,22.8,2020-12-08 11:28:17,1970-01-01 00:00:00.000002020,1970-01-01 00:00:00.000000012,1970-01-01 00:00:00.000000008
49.0,2682.9,22.8,2020-12-08 11:28:17,1970-01-01 00:00:00.000002020,1970-01-01 00:00:00.000000012,1970-01-01 00:00:00.000000008
49.4,13513.5,22.7,2020-12-08 11:29:02,1970-01-01 00:00:00.000002020,1970-01-01 00:00:00.000000012,1970-01-01 00:00:00.000000008
49.4,13513.5,22.7,2020-12-08 11:29:02,1970-01-01 00:00:00.000002020,1970-01-01 00:00:00.000000012,1970-01-01 00:00:00.000000008
49.6,13513.5,22.7,2020-12-08 11:29:13,1970-01-01 00:00:00.000002020,1970-01-01 00:00:00.000000012,1970-01-01 00:00:00.000000008
49.6,13513.5,22.7,2020-12-08 11:29:14,1970-01-01 00:00:00.000002020,1970-01-01 00:00:00.000000012,1970-01-01 00:00:00.000000008
49.6,13513.5,22.7,2020-12-08 11:29:25,1970-01-01 00:00:00.000002020,1970-01-01 00:00:00.000000012,1970-01-01 00:00:00.000000008
49.6,13513.5,22.7,2020-12-08 11:29:25,1970-01-01 00:00:00.000002020,1970-01-01 00:00:00.000000012,1970-01-01 00:00:00.000000008
49.5,13513.5,22.7,2020-12-08 11:29:36,1970-01-01 00:00:00.000002020,1970-01-01 00:00:00.000000012,1970-01-01 00:00:00.000000008
49.5,13513.5,22.7,2020-12-08 11:29:36,1970-01-01 00:00:00.000002020,1970-01-01 00:00:00.000000012,1970-01-01 00:00:00.000000008
49.5,13513.5,22.6,2020-12-08 11:29:48,1970-01-01 00:00:00.000002020,1970-01-01 00:00:00.000000012,1970-01-01 00:00:00.000000008
49.5,13513.5,22.6,2020-12-08 11:29:48,1970-01-01 00:00:00.000002020,1970-01-01 00:00:00.000000012,1970-01-01 00:00:00.000000008
49.4,13513.5,22.7,2020-12-08 11:34:10,1970-01-01 00:00:00.000002020,1970-01-01 00:00:00.000000012,1970-01-01 00:00:00.000000008
49.4,13513.5,22.7,2020-12-08 11:34:10,1970-01-01 00:00:00.000002020,1970-01-01 00:00:00.000000012,1970-01-01 00:00:00.000000008
49.3,13513.5,22.7,2020-12-08 11:35:41,1970-01-01 00:00:00.000002020,1970-01-01 00:00:00.000000012,1970-01-01 00:00:00.000000008
49.3,13513.5,22.7,2020-12-08 11:35:41,1970-01-01 00:00:00.000002020,1970-01-01 00:00:00.000000012,1970-01-01 00:00:00.000000008
49.3,13513.5,22.7,2020-12-08 11:36:49,1970-01-01 00:00:00.000002020,1970-01-01 00:00:00.000000012,1970-01-01 00:00:00.000000008
49.3,13513.5,22.7,2020-12-08 11:36:49,1970-01-01 00:00:00.000002020,1970-01-01 00:00:00.000000012,1970-01-01 00:00:00.000000008
49.3,13513.5,22.7,2020-12-08 11:37:46,1970-01-01 00:00:00.000002020,1970-01-01 00:00:00.000000012,1970-01-01 00:00:00.000000008
49.3,13513.5,22.7,2020-12-08 11:37:46,1970-01-01 00:00:00.000002020,1970-01-01 00:00:00.000000012,1970-01-01 00:00:00.000000008
49.3,13513.5,22.7,2020-12-08 11:38:31,1970-01-01 00:00:00.000002020,1970-01-01 00:00:00.000000012,1970-01-01 00:00:00.000000008
49.3,13513.5,22.7,2020-12-08 11:38:32,1970-01-01 00:00:00.000002020,1970-01-01 00:00:00.000000012,1970-01-01 00:00:00.000000008
49.3,13513.5,22.7,2020-12-08 11:39:28,1970-01-01 00:00:00.000002020,1970-01-01 00:00:00.000000012,1970-01-01 00:00:00.000000008
49.3,13513.5,22.7,2020-12-08 11:39:29,1970-01-01 00:00:00.000002020,1970-01-01 00:00:00.000000012,1970-01-01 00:00:00.000000008
49.4,13513.5,22.7,2020-12-08 11:40:59,1970-01-01 00:00:00.000002020,1970-01-01 00:00:00.000000012,1970-01-01 00:00:00.000000008
49.4,13513.5,22.7,2020-12-08 11:41:00,1970-01-01 00:00:00.000002020,1970-01-01 00:00:00.000000012,1970-01-01 00:00:00.000000008
49.4,13513.5,22.7,2020-12-08 11:41:11,1970-01-01 00:00:00.000002020,1970-01-01 00:00:00.000000012,1970-01-01 00:00:00.000000008
49.4,13513.5,22.7,2020-12-08 11:41:11,1970-01-01 00:00:00.000002020,1970-01-01 00:00:00.000000012,1970-01-01 00:00:00.000000008
49.4,13513.5,22.7,2020-12-08 11:41:45,1970-01-01 00:00:00.000002020,1970-01-01 00:00:00.000000012,1970-01-01 00:00:00.000000008
49.4,13513.5,22.7,2020-12-08 11:41:45,1970-01-01 00:00:00.000002020,1970-01-01 00:00:00.000000012,1970-01-01 00:00:00.000000008
49.4,13513.5,22.7,2020-12-08 11:43:05,1970-01-01 00:00:00.000002020,1970-01-01 00:00:00.000000012,1970-01-01 00:00:00.000000008
49.4,13513.5,22.7,2020-12-08 11:43:05,1970-01-01 00:00:00.000002020,1970-01-01 00:00:00.000000012,1970-01-01 00:00:00.000000008
49.4,13513.5,22.7,2020-12-08 11:43:16,1970-01-01 00:00:00.000002020,1970-01-01 00:00:00.000000012,1970-01-01 00:00:00.000000008
49.4,13513.5,22.7,2020-12-08 11:43:16,1970-01-01 00:00:00.000002020,1970-01-01 00:00:00.000000012,1970-01-01 00:00:00.000000008
49.4,13513.5,22.7,2020-12-08 11:43:27,1970-01-01 00:00:00.000002020,1970-01-01 00:00:00.000000012,1970-01-01 00:00:00.000000008
49.4,13513.5,22.7,2020-12-08 11:43:28,1970-01-01 00:00:00.000002020,1970-01-01 00:00:00.000000012,1970-01-01 00:00:00.000000008
49.4,13513.5,22.7,2020-12-08 11:43:39,1970-01-01 00:00:00.000002020,1970-01-01 00:00:00.000000012,1970-01-01 00:00:00.000000008
49.4,13513.5,22.7,2020-12-08 11:43:39,1970-01-01 00:00:00.000002020,1970-01-01 00:00:00.000000012,1970-01-01 00:00:00.000000008
49.4,13513.5,22.7,2020-12-08 11:44:02,1970-01-01 00:00:00.000002020,1970-01-01 00:00:00.000000012,1970-01-01 00:00:00.000000008
49.4,13513.5,22.7,2020-12-08 11:44:02,1970-01-01 00:00:00.000002020,1970-01-01 00:00:00.000000012,1970-01-01 00:00:00.000000008
49.5,13513.5,22.7,2020-12-08 11:44:36,1970-01-01 00:00:00.000002020,1970-01-01 00:00:00.000000012,1970-01-01 00:00:00.000000008
49.5,13513.5,22.7,2020-12-08 11:44:36,1970-01-01 00:00:00.000002020,1970-01-01 00:00:00.000000012,1970-01-01 00:00:00.000000008
49.6,13513.5,22.7,2020-12-08 11:44:59,1970-01-01 00:00:00.000002020,1970-01-01 00:00:00.000000012,1970-01-01 00:00:00.000000008
49.6,13513.5,22.7,2020-12-08 11:44:59,1970-01-01 00:00:00.000002020,1970-01-01 00:00:00.000000012,1970-01-01 00:00:00.000000008
49.6,13513.5,22.6,2020-12-08 11:45:10,1970-01-01 00:00:00.000002020,1970-01-01 00:00:00.000000012,1970-01-01 00:00:00.000000008
49.6,13513.5,22.6,2020-12-08 11:45:10,1970-01-01 00:00:00.000002020,1970-01-01 00:00:00.000000012,1970-01-01 00:00:00.000000008
44.5,1448.7,22.7,2020-12-08 11:46:18,1970-01-01 00:00:00.000002020,1970-01-01 00:00:00.000000012,1970-01-01 00:00:00.000000008
44.5,1448.7,22.7,2020-12-08 11:46:18,1970-01-01 00:00:00.000002020,1970-01-01 00:00:00.000000012,1970-01-01 00:00:00.000000008
46.0,1894.2,22.7,2020-12-08 11:46:52,1970-01-01 00:00:00.000002020,1970-01-01 00:00:00.000000012,1970-01-01 00:00:00.000000008
46.0,1894.2,22.7,2020-12-08 11:46:53,1970-01-01 00:00:00.000002020,1970-01-01 00:00:00.000000012,1970-01-01 00:00:00.000000008
46.0,1937.1,22.6,2020-12-08 11:48:24,1970-01-01 00:00:00.000002020,1970-01-01 00:00:00.000000012,1970-01-01 00:00:00.000000008
46.0,1937.1,22.6,2020-12-08 11:48:24,1970-01-01 00:00:00.000002020,1970-01-01 00:00:00.000000012,1970-01-01 00:00:00.000000008
46.1,1996.5,22.6,2020-12-08 11:49:09,1970-01-01 00:00:00.000002020,1970-01-01 00:00:00.000000012,1970-01-01 00:00:00.000000008
46.1,1996.5,22.6,2020-12-08 11:49:09,1970-01-01 00:00:00.000002020,1970-01-01 00:00:00.000000012,1970-01-01 00:00:00.000000008
46.1,1811.7,22.6,2020-12-08 11:50:06,1970-01-01 00:00:00.000002020,1970-01-01 00:00:00.000000012,1970-01-01 00:00:00.000000008
46.1,1811.7,22.6,2020-12-08 11:50:06,1970-01-01 00:00:00.000002020,1970-01-01 00:00:00.000000012,1970-01-01 00:00:00.000000008
46.1,2009.7,22.6,2020-12-08 11:50:29,1970-01-01 00:00:00.000002020,1970-01-01 00:00:00.000000012,1970-01-01 00:00:00.000000008
46.1,2009.7,22.6,2020-12-08 11:50:29,1970-01-01 00:00:00.000002020,1970-01-01 00:00:00.000000012,1970-01-01 00:00:00.000000008
46.2,1798.5,22.6,2020-12-08 11:50:40,1970-01-01 00:00:00.000002020,1970-01-01 00:00:00.000000012,1970-01-01 00:00:00.000000008
46.2,1798.5,22.6,2020-12-08 11:50:40,1970-01-01 00:00:00.000002020,1970-01-01 00:00:00.000000012,1970-01-01 00:00:00.000000008
46.1,1824.9,22.6,2020-12-08 11:51:26,1970-01-01 00:00:00.000002020,1970-01-01 00:00:00.000000012,1970-01-01 00:00:00.000000008
46.1,1824.9,22.6,2020-12-08 11:51:26,1970-01-01 00:00:00.000002020,1970-01-01 00:00:00.000000012,1970-01-01 00:00:00.000000008
46.6,1900.8,22.6,2020-12-08 11:53:31,1970-01-01 00:00:00.000002020,1970-01-01 00:00:00.000000012,1970-01-01 00:00:00.000000008
46.6,1900.8,22.6,2020-12-08 11:53:31,1970-01-01 00:00:00.000002020,1970-01-01 00:00:00.000000012,1970-01-01 00:00:00.000000008
46.7,1742.4,22.6,2020-12-08 11:55:02,1970-01-01 00:00:00.000002020,1970-01-01 00:00:00.000000012,1970-01-01 00:00:00.000000008
46.7,1742.4,22.6,2020-12-08 11:55:02,1970-01-01 00:00:00.000002020,1970-01-01 00:00:00.000000012,1970-01-01 00:00:00.000000008
47.2,1900.8,22.6,2020-12-08 11:57:19,1970-01-01 00:00:00.000002020,1970-01-01 00:00:00.000000012,1970-01-01 00:00:00.000000008
47.2,1900.8,22.6,2020-12-08 11:57:19,1970-01-01 00:00:00.000002020,1970-01-01 00:00:00.000000012,1970-01-01 00:00:00.000000008
47.1,1791.9,22.6,2020-12-08 11:57:41,1970-01-01 00:00:00.000002020,1970-01-01 00:00:00.000000012,1970-01-01 00:00:00.000000008
47.1,1791.9,22.6,2020-12-08 11:57:42,1970-01-01 00:00:00.000002020,1970-01-01 00:00:00.000000012,1970-01-01 00:00:00.000000008
46.9,1788.6,22.6,2020-12-08 11:57:53,1970-01-01 00:00:00.000002020,1970-01-01 00:00:00.000000012,1970-01-01 00:00:00.000000008
46.9,1788.6,22.6,2020-12-08 11:57:53,1970-01-01 00:00:00.000002020,1970-01-01 00:00:00.000000012,1970-01-01 00:00:00.000000008
46.7,1900.8,22.6,2020-12-08 11:59:01,1970-01-01 00:00:00.000002020,1970-01-01 00:00:00.000000012,1970-01-01 00:00:00.000000008
46.7,1900.8,22.6,2020-12-08 11:59:01,1970-01-01 00:00:00.000002020,1970-01-01 00:00:00.000000012,1970-01-01 00:00:00.000000008
46.8,1811.7,22.6,2020-12-08 11:59:24,1970-01-01 00:00:00.000002020,1970-01-01 00:00:00.000000012,1970-01-01 00:00:00.000000008
46.8,1811.7,22.6,2020-12-08 11:59:24,1970-01-01 00:00:00.000002020,1970-01-01 00:00:00.000000012,1970-01-01 00:00:00.000000008
46.7,1709.4,22.6,2020-12-08 11:59:35,1970-01-01 00:00:00.000002020,1970-01-01 00:00:00.000000012,1970-01-01 00:00:00.000000008
46.7,1709.4,22.6,2020-12-08 11:59:36,1970-01-01 00:00:00.000002020,1970-01-01 00:00:00.000000012,1970-01-01 00:00:00.000000008
45.6,1963.5,22.5,2020-12-08 12:02:15,1970-01-01 00:00:00.000002020,1970-01-01 00:00:00.000000012,1970-01-01 00:00:00.000000008
45.6,1963.5,22.5,2020-12-08 12:02:15,1970-01-01 00:00:00.000002020,1970-01-01 00:00:00.000000012,1970-01-01 00:00:00.000000008
45.0,1801.8,22.5,2020-12-08 12:03:23,1970-01-01 00:00:00.000002020,1970-01-01 00:00:00.000000012,1970-01-01 00:00:00.000000008
45.0,1801.8,22.5,2020-12-08 12:03:23,1970-01-01 00:00:00.000002020,1970-01-01 00:00:00.000000012,1970-01-01 00:00:00.000000008
44.9,1716.0,22.5,2020-12-08 12:03:35,1970-01-01 00:00:00.000002020,1970-01-01 00:00:00.000000012,1970-01-01 00:00:00.000000008
44.9,1716.0,22.5,2020-12-08 12:03:35,1970-01-01 00:00:00.000002020,1970-01-01 00:00:00.000000012,1970-01-01 00:00:00.000000008
44.8,1848.0,22.5,2020-12-08 12:04:32,1970-01-01 00:00:00.000002020,1970-01-01 00:00:00.000000012,1970-01-01 00:00:00.000000008
44.8,1848.0,22.5,2020-12-08 12:04:32,1970-01-01 00:00:00.000002020,1970-01-01 00:00:00.000000012,1970-01-01 00:00:00.000000008
43.9,1933.8,22.5,2020-12-08 12:06:48,1970-01-01 00:00:00.000002020,1970-01-01 00:00:00.000000012,1970-01-01 00:00:00.000000008
43.9,1933.8,22.5,2020-12-08 12:06:48,1970-01-01 00:00:00.000002020,1970-01-01 00:00:00.000000012,1970-01-01 00:00:00.000000008
43.8,2036.1,22.5,2020-12-08 12:06:59,1970-01-01 00:00:00.000002020,1970-01-01 00:00:00.000000012,1970-01-01 00:00:00.000000008
43.8,2036.1,22.5,2020-12-08 12:07:00,1970-01-01 00:00:00.000002020,1970-01-01 00:00:00.000000012,1970-01-01 00:00:00.000000008
43.4,1950.3,22.5,2020-12-08 12:07:56,1970-01-01 00:00:00.000002020,1970-01-01 00:00:00.000000012,1970-01-01 00:00:00.000000008
43.4,1950.3,22.5,2020-12-08 12:07:57,1970-01-01 00:00:00.000002020,1970-01-01 00:00:00.000000012,1970-01-01 00:00:00.000000008
43.3,1824.9,22.5,2020-12-08 12:08:08,1970-01-01 00:00:00.000002020,1970-01-01 00:00:00.000000012,1970-01-01 00:00:00.000000008
43.3,1824.9,22.5,2020-12-08 12:08:08,1970-01-01 00:00:00.000002020,1970-01-01 00:00:00.000000012,1970-01-01 00:00:00.000000008
43.2,1910.7,22.4,2020-12-08 12:08:42,1970-01-01 00:00:00.000002020,1970-01-01 00:00:00.000000012,1970-01-01 00:00:00.000000008
43.2,1910.7,22.4,2020-12-08 12:08:42,1970-01-01 00:00:00.000002020,1970-01-01 00:00:00.000000012,1970-01-01 00:00:00.000000008
43.0,1742.4,22.5,2020-12-08 12:08:53,1970-01-01 00:00:00.000002020,1970-01-01 00:00:00.000000012,1970-01-01 00:00:00.000000008
43.0,1742.4,22.5,2020-12-08 12:08:54,1970-01-01 00:00:00.000002020,1970-01-01 00:00:00.000000012,1970-01-01 00:00:00.000000008
42.9,1798.5,22.4,2020-12-08 12:10:25,1970-01-01 00:00:00.000002020,1970-01-01 00:00:00.000000012,1970-01-01 00:00:00.000000008
42.9,1798.5,22.4,2020-12-08 12:10:25,1970-01-01 00:00:00.000002020,1970-01-01 00:00:00.000000012,1970-01-01 00:00:00.000000008
42.6,1871.1,22.4,2020-12-08 12:11:21,1970-01-01 00:00:00.000002020,1970-01-01 00:00:00.000000012,1970-01-01 00:00:00.000000008
42.6,1871.1,22.4,2020-12-08 12:11:22,1970-01-01 00:00:00.000002020,1970-01-01 00:00:00.000000012,1970-01-01 00:00:00.000000008
42.4,1815.0,22.4,2020-12-08 12:11:33,1970-01-01 00:00:00.000002020,1970-01-01 00:00:00.000000012,1970-01-01 00:00:00.000000008
42.4,1815.0,22.4,2020-12-08 12:11:33,1970-01-01 00:00:00.000002020,1970-01-01 00:00:00.000000012,1970-01-01 00:00:00.000000008
42.3,1834.8,22.4,2020-12-08 12:12:07,1970-01-01 00:00:00.000002020,1970-01-01 00:00:00.000000012,1970-01-01 00:00:00.000000008
42.3,1834.8,22.4,2020-12-08 12:12:07,1970-01-01 00:00:00.000002020,1970-01-01 00:00:00.000000012,1970-01-01 00:00:00.000000008
41.6,1854.6,22.4,2020-12-08 12:15:21,1970-01-01 00:00:00.000002020,1970-01-01 00:00:00.000000012,1970-01-01 00:00:00.000000008
41.6,1854.6,22.4,2020-12-08 12:15:21,1970-01-01 00:00:00.000002020,1970-01-01 00:00:00.000000012,1970-01-01 00:00:00.000000008
41.5,1831.5,22.4,2020-12-08 12:15:43,1970-01-01 00:00:00.000002020,1970-01-01 00:00:00.000000012,1970-01-01 00:00:00.000000008
41.5,1831.5,22.4,2020-12-08 12:15:43,1970-01-01 00:00:00.000002020,1970-01-01 00:00:00.000000012,1970-01-01 00:00:00.000000008
41.5,1907.4,22.4,2020-12-08 12:16:17,1970-01-01 00:00:00.000002020,1970-01-01 00:00:00.000000012,1970-01-01 00:00:00.000000008
41.5,1907.4,22.4,2020-12-08 12:16:18,1970-01-01 00:00:00.000002020,1970-01-01 00:00:00.000000012,1970-01-01 00:00:00.000000008
41.5,1953.6,22.4,2020-12-08 12:16:29,1970-01-01 00:00:00.000002020,1970-01-01 00:00:00.000000012,1970-01-01 00:00:00.000000008
41.5,1953.6,22.4,2020-12-08 12:16:29,1970-01-01 00:00:00.000002020,1970-01-01 00:00:00.000000012,1970-01-01 00:00:00.000000008
41.5,1801.8,22.4,2020-12-08 12:16:40,1970-01-01 00:00:00.000002020,1970-01-01 00:00:00.000000012,1970-01-01 00:00:00.000000008
41.5,1801.8,22.4,2020-12-08 12:16:40,1970-01-01 00:00:00.000002020,1970-01-01 00:00:00.000000012,1970-01-01 00:00:00.000000008
41.3,1673.1,22.4,2020-12-08 12:17:03,1970-01-01 00:00:00.000002020,1970-01-01 00:00:00.000000012,1970-01-01 00:00:00.000000008
41.3,1673.1,22.4,2020-12-08 12:17:03,1970-01-01 00:00:00.000002020,1970-01-01 00:00:00.000000012,1970-01-01 00:00:00.000000008
41.1,1848.0,22.4,2020-12-08 12:17:49,1970-01-01 00:00:00.000002020,1970-01-01 00:00:00.000000012,1970-01-01 00:00:00.000000008
41.1,1848.0,22.4,2020-12-08 12:17:49,1970-01-01 00:00:00.000002020,1970-01-01 00:00:00.000000012,1970-01-01 00:00:00.000000008
40.9,1828.2,22.4,2020-12-08 12:18:23,1970-01-01 00:00:00.000002020,1970-01-01 00:00:00.000000012,1970-01-01 00:00:00.000000008
40.9,1828.2,22.4,2020-12-08 12:18:23,1970-01-01 00:00:00.000002020,1970-01-01 00:00:00.000000012,1970-01-01 00:00:00.000000008
40.8,1630.2,22.4,2020-12-08 12:18:34,1970-01-01 00:00:00.000002020,1970-01-01 00:00:00.000000012,1970-01-01 00:00:00.000000008
40.8,1630.2,22.4,2020-12-08 12:18:34,1970-01-01 00:00:00.000002020,1970-01-01 00:00:00.000000012,1970-01-01 00:00:00.000000008
40.8,1890.9,22.4,2020-12-08 12:18:45,1970-01-01 00:00:00.000002020,1970-01-01 00:00:00.000000012,1970-01-01 00:00:00.000000008
40.8,1890.9,22.4,2020-12-08 12:18:46,1970-01-01 00:00:00.000002020,1970-01-01 00:00:00.000000012,1970-01-01 00:00:00.000000008
40.6,2006.4,22.4,2020-12-08 12:19:08,1970-01-01 00:00:00.000002020,1970-01-01 00:00:00.000000012,1970-01-01 00:00:00.000000008
40.6,2006.4,22.4,2020-12-08 12:19:08,1970-01-01 00:00:00.000002020,1970-01-01 00:00:00.000000012,1970-01-01 00:00:00.000000008
40.7,1848.0,22.4,2020-12-08 12:20:39,1970-01-01 00:00:00.000002020,1970-01-01 00:00:00.000000012,1970-01-01 00:00:00.000000008
40.7,1848.0,22.4,2020-12-08 12:20:40,1970-01-01 00:00:00.000002020,1970-01-01 00:00:00.000000012,1970-01-01 00:00:00.000000008
41.2,1778.7,22.4,2020-12-08 12:21:48,1970-01-01 00:00:00.000002020,1970-01-01 00:00:00.000000012,1970-01-01 00:00:00.000000008
41.2,1778.7,22.4,2020-12-08 12:21:48,1970-01-01 00:00:00.000002020,1970-01-01 00:00:00.000000012,1970-01-01 00:00:00.000000008
41.5,4884.0,22.4,2020-12-08 12:22:56,1970-01-01 00:00:00.000002020,1970-01-01 00:00:00.000000012,1970-01-01 00:00:00.000000008
41.5,4884.0,22.4,2020-12-08 12:22:56,1970-01-01 00:00:00.000002020,1970-01-01 00:00:00.000000012,1970-01-01 00:00:00.000000008
41.9,2013.0,22.4,2020-12-08 12:23:30,1970-01-01 00:00:00.000002020,1970-01-01 00:00:00.000000012,1970-01-01 00:00:00.000000008
41.9,2013.0,22.4,2020-12-08 12:23:30,1970-01-01 00:00:00.000002020,1970-01-01 00:00:00.000000012,1970-01-01 00:00:00.000000008
41.9,1834.8,22.4,2020-12-08 12:23:53,1970-01-01 00:00:00.000002020,1970-01-01 00:00:00.000000012,1970-01-01 00:00:00.000000008
41.9,1834.8,22.4,2020-12-08 12:23:53,1970-01-01 00:00:00.000002020,1970-01-01 00:00:00.000000012,1970-01-01 00:00:00.000000008
42.1,1755.6,22.4,2020-12-08 12:24:39,1970-01-01 00:00:00.000002020,1970-01-01 00:00:00.000000012,1970-01-01 00:00:00.000000008
42.1,1755.6,22.4,2020-12-08 12:24:39,1970-01-01 00:00:00.000002020,1970-01-01 00:00:00.000000012,1970-01-01 00:00:00.000000008
42.5,1742.4,22.4,2020-12-08 12:26:44,1970-01-01 00:00:00.000002020,1970-01-01 00:00:00.000000012,1970-01-01 00:00:00.000000008
42.5,1742.4,22.4,2020-12-08 12:26:44,1970-01-01 00:00:00.000002020,1970-01-01 00:00:00.000000012,1970-01-01 00:00:00.000000008
42.6,1742.4,22.4,2020-12-08 12:26:55,1970-01-01 00:00:00.000002020,1970-01-01 00:00:00.000000012,1970-01-01 00:00:00.000000008
42.6,1742.4,22.4,2020-12-08 12:26:55,1970-01-01 00:00:00.000002020,1970-01-01 00:00:00.000000012,1970-01-01 00:00:00.000000008
42.8,1742.4,22.4,2020-12-08 12:28:15,1970-01-01 00:00:00.000002020,1970-01-01 00:00:00.000000012,1970-01-01 00:00:00.000000008
42.8,1742.4,22.4,2020-12-08 12:28:15,1970-01-01 00:00:00.000002020,1970-01-01 00:00:00.000000012,1970-01-01 00:00:00.000000008
42.9,1669.8,22.5,2020-12-08 12:29:23,1970-01-01 00:00:00.000002020,1970-01-01 00:00:00.000000012,1970-01-01 00:00:00.000000008
42.9,1669.8,22.5,2020-12-08 12:29:23,1970-01-01 00:00:00.000002020,1970-01-01 00:00:00.000000012,1970-01-01 00:00:00.000000008
42.8,1650.0,22.4,2020-12-08 12:29:57,1970-01-01 00:00:00.000002020,1970-01-01 00:00:00.000000012,1970-01-01 00:00:00.000000008
42.8,1650.0,22.4,2020-12-08 12:29:58,1970-01-01 00:00:00.000002020,1970-01-01 00:00:00.000000012,1970-01-01 00:00:00.000000008
42.9,1940.4,22.5,2020-12-08 12:30:20,1970-01-01 00:00:00.000002020,1970-01-01 00:00:00.000000012,1970-01-01 00:00:00.000000008
42.9,1940.4,22.5,2020-12-08 12:30:20,1970-01-01 00:00:00.000002020,1970-01-01 00:00:00.000000012,1970-01-01 00:00:00.000000008
42.9,1956.9,22.4,2020-12-08 12:30:54,1970-01-01 00:00:00.000002020,1970-01-01 00:00:00.000000012,1970-01-01 00:00:00.000000008
42.9,1956.9,22.4,2020-12-08 12:30:54,1970-01-01 00:00:00.000002020,1970-01-01 00:00:00.000000012,1970-01-01 00:00:00.000000008
43.0,1679.7,22.5,2020-12-08 12:31:40,1970-01-01 00:00:00.000002020,1970-01-01 00:00:00.000000012,1970-01-01 00:00:00.000000008
43.0,1679.7,22.5,2020-12-08 12:31:40,1970-01-01 00:00:00.000002020,1970-01-01 00:00:00.000000012,1970-01-01 00:00:00.000000008
43.0,1824.9,22.5,2020-12-08 12:32:14,1970-01-01 00:00:00.000002020,1970-01-01 00:00:00.000000012,1970-01-01 00:00:00.000000008
43.0,1824.9,22.5,2020-12-08 12:32:14,1970-01-01 00:00:00.000002020,1970-01-01 00:00:00.000000012,1970-01-01 00:00:00.000000008
43.0,1956.9,22.5,2020-12-08 12:33:00,1970-01-01 00:00:00.000002020,1970-01-01 00:00:00.000000012,1970-01-01 00:00:00.000000008
43.0,1956.9,22.5,2020-12-08 12:33:00,1970-01-01 00:00:00.000002020,1970-01-01 00:00:00.000000012,1970-01-01 00:00:00.000000008
43.1,1798.5,22.5,2020-12-08 12:33:22,1970-01-01 00:00:00.000002020,1970-01-01 00:00:00.000000012,1970-01-01 00:00:00.000000008
43.1,1798.5,22.5,2020-12-08 12:33:23,1970-01-01 00:00:00.000002020,1970-01-01 00:00:00.000000012,1970-01-01 00:00:00.000000008
43.0,1765.5,22.5,2020-12-08 12:33:34,1970-01-01 00:00:00.000002020,1970-01-01 00:00:00.000000012,1970-01-01 00:00:00.000000008
43.0,1765.5,22.5,2020-12-08 12:33:34,1970-01-01 00:00:00.000002020,1970-01-01 00:00:00.000000012,1970-01-01 00:00:00.000000008
43.1,1762.2,22.5,2020-12-08 12:34:31,1970-01-01 00:00:00.000002020,1970-01-01 00:00:00.000000012,1970-01-01 00:00:00.000000008
43.1,1762.2,22.5,2020-12-08 12:34:31,1970-01-01 00:00:00.000002020,1970-01-01 00:00:00.000000012,1970-01-01 00:00:00.000000008
43.0,1970.1,22.4,2020-12-08 12:35:16,1970-01-01 00:00:00.000002020,1970-01-01 00:00:00.000000012,1970-01-01 00:00:00.000000008
43.0,1970.1,22.4,2020-12-08 12:35:16,1970-01-01 00:00:00.000002020,1970-01-01 00:00:00.000000012,1970-01-01 00:00:00.000000008
43.1,1735.8,22.5,2020-12-08 12:35:50,1970-01-01 00:00:00.000002020,1970-01-01 00:00:00.000000012,1970-01-01 00:00:00.000000008
43.1,1735.8,22.5,2020-12-08 12:35:51,1970-01-01 00:00:00.000002020,1970-01-01 00:00:00.000000012,1970-01-01 00:00:00.000000008
43.1,1956.9,22.5,2020-12-08 12:36:25,1970-01-01 00:00:00.000002020,1970-01-01 00:00:00.000000012,1970-01-01 00:00:00.000000008
43.1,1956.9,22.5,2020-12-08 12:36:25,1970-01-01 00:00:00.000002020,1970-01-01 00:00:00.000000012,1970-01-01 00:00:00.000000008
42.5,1970.1,22.5,2020-12-08 12:38:30,1970-01-01 00:00:00.000002020,1970-01-01 00:00:00.000000012,1970-01-01 00:00:00.000000008
42.5,1970.1,22.5,2020-12-08 12:38:30,1970-01-01 00:00:00.000002020,1970-01-01 00:00:00.000000012,1970-01-01 00:00:00.000000008
42.6,2052.6,22.5,2020-12-08 12:39:27,1970-01-01 00:00:00.000002020,1970-01-01 00:00:00.000000012,1970-01-01 00:00:00.000000008
42.6,2052.6,22.5,2020-12-08 12:39:27,1970-01-01 00:00:00.000002020,1970-01-01 00:00:00.000000012,1970-01-01 00:00:00.000000008
42.6,1864.5,22.5,2020-12-08 12:42:06,1970-01-01 00:00:00.000002020,1970-01-01 00:00:00.000000012,1970-01-01 00:00:00.000000008
42.6,1864.5,22.5,2020-12-08 12:42:06,1970-01-01 00:00:00.000002020,1970-01-01 00:00:00.000000012,1970-01-01 00:00:00.000000008
42.7,2046.0,22.5,2020-12-08 12:43:03,1970-01-01 00:00:00.000002020,1970-01-01 00:00:00.000000012,1970-01-01 00:00:00.000000008
42.7,2046.0,22.5,2020-12-08 12:43:03,1970-01-01 00:00:00.000002020,1970-01-01 00:00:00.000000012,1970-01-01 00:00:00.000000008
42.6,1795.2,22.5,2020-12-08 12:43:37,1970-01-01 00:00:00.000002020,1970-01-01 00:00:00.000000012,1970-01-01 00:00:00.000000008
42.6,1795.2,22.5,2020-12-08 12:43:37,1970-01-01 00:00:00.000002020,1970-01-01 00:00:00.000000012,1970-01-01 00:00:00.000000008
42.6,1940.4,22.5,2020-12-08 12:43:49,1970-01-01 00:00:00.000002020,1970-01-01 00:00:00.000000012,1970-01-01 00:00:00.000000008
42.6,1940.4,22.5,2020-12-08 12:43:49,1970-01-01 00:00:00.000002020,1970-01-01 00:00:00.000000012,1970-01-01 00:00:00.000000008
42.6,1940.4,22.5,2020-12-08 12:44:11,1970-01-01 00:00:00.000002020,1970-01-01 00:00:00.000000012,1970-01-01 00:00:00.000000008
42.6,1940.4,22.5,2020-12-08 12:44:12,1970-01-01 00:00:00.000002020,1970-01-01 00:00:00.000000012,1970-01-01 00:00:00.000000008
42.6,1900.8,22.5,2020-12-08 12:45:08,1970-01-01 00:00:00.000002020,1970-01-01 00:00:00.000000012,1970-01-01 00:00:00.000000008
42.6,1900.8,22.5,2020-12-08 12:45:09,1970-01-01 00:00:00.000002020,1970-01-01 00:00:00.000000012,1970-01-01 00:00:00.000000008
42.7,1884.3,22.5,2020-12-08 12:45:54,1970-01-01 00:00:00.000002020,1970-01-01 00:00:00.000000012,1970-01-01 00:00:00.000000008
42.7,1884.3,22.5,2020-12-08 12:45:54,1970-01-01 00:00:00.000002020,1970-01-01 00:00:00.000000012,1970-01-01 00:00:00.000000008
42.7,1970.1,22.5,2020-12-08 12:46:05,1970-01-01 00:00:00.000002020,1970-01-01 00:00:00.000000012,1970-01-01 00:00:00.000000008
42.7,1970.1,22.5,2020-12-08 12:46:06,1970-01-01 00:00:00.000002020,1970-01-01 00:00:00.000000012,1970-01-01 00:00:00.000000008
42.8,1765.5,22.5,2020-12-08 12:46:19,1970-01-01 00:00:00.000002020,1970-01-01 00:00:00.000000012,1970-01-01 00:00:00.000000008
42.8,1765.5,22.5,2020-12-08 12:46:19,1970-01-01 00:00:00.000002020,1970-01-01 00:00:00.000000012,1970-01-01 00:00:00.000000008
42.7,1742.4,22.5,2020-12-08 12:48:45,1970-01-01 00:00:00.000002020,1970-01-01 00:00:00.000000012,1970-01-01 00:00:00.000000008
42.7,1742.4,22.5,2020-12-08 12:48:45,1970-01-01 00:00:00.000002020,1970-01-01 00:00:00.000000012,1970-01-01 00:00:00.000000008
42.8,1831.5,22.5,2020-12-08 12:48:56,1970-01-01 00:00:00.000002020,1970-01-01 00:00:00.000000012,1970-01-01 00:00:00.000000008
42.8,1831.5,22.5,2020-12-08 12:48:56,1970-01-01 00:00:00.000002020,1970-01-01 00:00:00.000000012,1970-01-01 00:00:00.000000008
41.2,1676.4,22.5,2020-12-08 12:51:14,1970-01-01 00:00:00.000002020,1970-01-01 00:00:00.000000012,1970-01-01 00:00:00.000000008
41.2,1676.4,22.5,2020-12-08 12:51:15,1970-01-01 00:00:00.000002020,1970-01-01 00:00:00.000000012,1970-01-01 00:00:00.000000008
41.2,1597.2,22.5,2020-12-08 12:51:26,1970-01-01 00:00:00.000002020,1970-01-01 00:00:00.000000012,1970-01-01 00:00:00.000000008
41.2,1597.2,22.5,2020-12-08 12:51:26,1970-01-01 00:00:00.000002020,1970-01-01 00:00:00.000000012,1970-01-01 00:00:00.000000008
41.4,1620.3,22.5,2020-12-08 12:51:48,1970-01-01 00:00:00.000002020,1970-01-01 00:00:00.000000012,1970-01-01 00:00:00.000000008
41.4,1620.3,22.5,2020-12-08 12:51:49,1970-01-01 00:00:00.000002020,1970-01-01 00:00:00.000000012,1970-01-01 00:00:00.000000008
41.3,1646.7,22.5,2020-12-08 12:52:00,1970-01-01 00:00:00.000002020,1970-01-01 00:00:00.000000012,1970-01-01 00:00:00.000000008
41.3,1646.7,22.5,2020-12-08 12:52:00,1970-01-01 00:00:00.000002020,1970-01-01 00:00:00.000000012,1970-01-01 00:00:00.000000008
41.3,1636.8,22.5,2020-12-08 12:52:11,1970-01-01 00:00:00.000002020,1970-01-01 00:00:00.000000012,1970-01-01 00:00:00.000000008
41.3,1636.8,22.5,2020-12-08 12:52:11,1970-01-01 00:00:00.000002020,1970-01-01 00:00:00.000000012,1970-01-01 00:00:00.000000008
41.4,1686.3,22.5,2020-12-08 12:52:23,1970-01-01 00:00:00.000002020,1970-01-01 00:00:00.000000012,1970-01-01 00:00:00.000000008
41.4,1686.3,22.5,2020-12-08 12:52:23,1970-01-01 00:00:00.000002020,1970-01-01 00:00:00.000000012,1970-01-01 00:00:00.000000008
41.4,1650.0,22.5,2020-12-08 12:53:31,1970-01-01 00:00:00.000002020,1970-01-01 00:00:00.000000012,1970-01-01 00:00:00.000000008
41.4,1650.0,22.5,2020-12-08 12:53:31,1970-01-01 00:00:00.000002020,1970-01-01 00:00:00.000000012,1970-01-01 00:00:00.000000008
41.4,1659.9,22.5,2020-12-08 12:54:28,1970-01-01 00:00:00.000002020,1970-01-01 00:00:00.000000012,1970-01-01 00:00:00.000000008
41.4,1659.9,22.5,2020-12-08 12:54:28,1970-01-01 00:00:00.000002020,1970-01-01 00:00:00.000000012,1970-01-01 00:00:00.000000008
41.5,1739.1,22.5,2020-12-08 12:54:51,1970-01-01 00:00:00.000002020,1970-01-01 00:00:00.000000012,1970-01-01 00:00:00.000000008
41.5,1739.1,22.5,2020-12-08 12:54:51,1970-01-01 00:00:00.000002020,1970-01-01 00:00:00.000000012,1970-01-01 00:00:00.000000008
41.5,1636.8,22.5,2020-12-08 12:55:02,1970-01-01 00:00:00.000002020,1970-01-01 00:00:00.000000012,1970-01-01 00:00:00.000000008
41.5,1636.8,22.5,2020-12-08 12:55:02,1970-01-01 00:00:00.000002020,1970-01-01 00:00:00.000000012,1970-01-01 00:00:00.000000008
41.5,1580.7,22.5,2020-12-08 12:55:13,1970-01-01 00:00:00.000002020,1970-01-01 00:00:00.000000012,1970-01-01 00:00:00.000000008
41.5,1580.7,22.5,2020-12-08 12:55:14,1970-01-01 00:00:00.000002020,1970-01-01 00:00:00.000000012,1970-01-01 00:00:00.000000008
41.4,1838.1,22.5,2020-12-08 12:55:47,1970-01-01 00:00:00.000002020,1970-01-01 00:00:00.000000012,1970-01-01 00:00:00.000000008
41.4,1838.1,22.5,2020-12-08 12:55:48,1970-01-01 00:00:00.000002020,1970-01-01 00:00:00.000000012,1970-01-01 00:00:00.000000008
41.5,1894.2,22.5,2020-12-08 12:55:59,1970-01-01 00:00:00.000002020,1970-01-01 00:00:00.000000012,1970-01-01 00:00:00.000000008
41.5,1894.2,22.5,2020-12-08 12:55:59,1970-01-01 00:00:00.000002020,1970-01-01 00:00:00.000000012,1970-01-01 00:00:00.000000008
41.4,1659.9,22.5,2020-12-08 12:56:10,1970-01-01 00:00:00.000002020,1970-01-01 00:00:00.000000012,1970-01-01 00:00:00.000000008
41.4,1659.9,22.5,2020-12-08 12:56:10,1970-01-01 00:00:00.000002020,1970-01-01 00:00:00.000000012,1970-01-01 00:00:00.000000008
41.5,1709.4,22.5,2020-12-08 12:56:44,1970-01-01 00:00:00.000002020,1970-01-01 00:00:00.000000012,1970-01-01 00:00:00.000000008
41.5,1709.4,22.5,2020-12-08 12:56:45,1970-01-01 00:00:00.000002020,1970-01-01 00:00:00.000000012,1970-01-01 00:00:00.000000008
41.4,1735.8,22.5,2020-12-08 12:57:19,1970-01-01 00:00:00.000002020,1970-01-01 00:00:00.000000012,1970-01-01 00:00:00.000000008
41.4,1735.8,22.5,2020-12-08 12:57:19,1970-01-01 00:00:00.000002020,1970-01-01 00:00:00.000000012,1970-01-01 00:00:00.000000008
41.5,1749.0,22.5,2020-12-08 12:57:30,1970-01-01 00:00:00.000002020,1970-01-01 00:00:00.000000012,1970-01-01 00:00:00.000000008
41.5,1749.0,22.5,2020-12-08 12:57:30,1970-01-01 00:00:00.000002020,1970-01-01 00:00:00.000000012,1970-01-01 00:00:00.000000008
41.5,1659.9,22.5,2020-12-08 12:58:04,1970-01-01 00:00:00.000002020,1970-01-01 00:00:00.000000012,1970-01-01 00:00:00.000000008
41.5,1659.9,22.5,2020-12-08 12:58:04,1970-01-01 00:00:00.000002020,1970-01-01 00:00:00.000000012,1970-01-01 00:00:00.000000008
41.4,1749.0,22.5,2020-12-08 12:58:38,1970-01-01 00:00:00.000002020,1970-01-01 00:00:00.000000012,1970-01-01 00:00:00.000000008
41.4,1749.0,22.5,2020-12-08 12:58:38,1970-01-01 00:00:00.000002020,1970-01-01 00:00:00.000000012,1970-01-01 00:00:00.000000008
41.6,1574.1,22.5,2020-12-08 12:59:24,1970-01-01 00:00:00.000002020,1970-01-01 00:00:00.000000012,1970-01-01 00:00:00.000000008
41.6,1574.1,22.5,2020-12-08 12:59:24,1970-01-01 00:00:00.000002020,1970-01-01 00:00:00.000000012,1970-01-01 00:00:00.000000008
41.5,1798.5,22.5,2020-12-08 12:59:35,1970-01-01 00:00:00.000002020,1970-01-01 00:00:00.000000012,1970-01-01 00:00:00.000000008
41.5,1798.5,22.5,2020-12-08 12:59:35,1970-01-01 00:00:00.000002020,1970-01-01 00:00:00.000000012,1970-01-01 00:00:00.000000008
41.5,1587.3,22.5,2020-12-08 13:00:09,1970-01-01 00:00:00.000002020,1970-01-01 00:00:00.000000012,1970-01-01 00:00:00.000000008
41.5,1587.3,22.5,2020-12-08 13:00:10,1970-01-01 00:00:00.000002020,1970-01-01 00:00:00.000000012,1970-01-01 00:00:00.000000008
41.6,1603.8,22.5,2020-12-08 13:00:32,1970-01-01 00:00:00.000002020,1970-01-01 00:00:00.000000012,1970-01-01 00:00:00.000000008
41.6,1603.8,22.5,2020-12-08 13:00:32,1970-01-01 00:00:00.000002020,1970-01-01 00:00:00.000000012,1970-01-01 00:00:00.000000008
41.5,1785.3,22.5,2020-12-08 13:00:44,1970-01-01 00:00:00.000002020,1970-01-01 00:00:00.000000012,1970-01-01 00:00:00.000000008
41.5,1785.3,22.5,2020-12-08 13:00:44,1970-01-01 00:00:00.000002020,1970-01-01 00:00:00.000000012,1970-01-01 00:00:00.000000008
41.5,1752.3,22.5,2020-12-08 13:01:18,1970-01-01 00:00:00.000002020,1970-01-01 00:00:00.000000012,1970-01-01 00:00:00.000000008
41.5,1752.3,22.5,2020-12-08 13:01:18,1970-01-01 00:00:00.000002020,1970-01-01 00:00:00.000000012,1970-01-01 00:00:00.000000008
41.5,1778.7,22.5,2020-12-08 13:02:26,1970-01-01 00:00:00.000002020,1970-01-01 00:00:00.000000012,1970-01-01 00:00:00.000000008
41.5,1778.7,22.5,2020-12-08 13:02:26,1970-01-01 00:00:00.000002020,1970-01-01 00:00:00.000000012,1970-01-01 00:00:00.000000008
41.6,1735.8,22.5,2020-12-08 13:02:49,1970-01-01 00:00:00.000002020,1970-01-01 00:00:00.000000012,1970-01-01 00:00:00.000000008
41.6,1735.8,22.5,2020-12-08 13:02:49,1970-01-01 00:00:00.000002020,1970-01-01 00:00:00.000000012,1970-01-01 00:00:00.000000008
41.6,1699.5,22.5,2020-12-08 13:03:00,1970-01-01 00:00:00.000002020,1970-01-01 00:00:00.000000012,1970-01-01 00:00:00.000000008
41.6,1699.5,22.5,2020-12-08 13:03:00,1970-01-01 00:00:00.000002020,1970-01-01 00:00:00.000000012,1970-01-01 00:00:00.000000008
41.6,1824.9,22.5,2020-12-08 13:04:20,1970-01-01 00:00:00.000002020,1970-01-01 00:00:00.000000012,1970-01-01 00:00:00.000000008
41.6,1824.9,22.5,2020-12-08 13:04:20,1970-01-01 00:00:00.000002020,1970-01-01 00:00:00.000000012,1970-01-01 00:00:00.000000008
41.5,1768.8,22.5,2020-12-08 13:06:36,1970-01-01 00:00:00.000002020,1970-01-01 00:00:00.000000012,1970-01-01 00:00:00.000000008
41.5,1768.8,22.5,2020-12-08 13:06:37,1970-01-01 00:00:00.000002020,1970-01-01 00:00:00.000000012,1970-01-01 00:00:00.000000008
41.5,1818.3,22.5,2020-12-08 13:07:22,1970-01-01 00:00:00.000002020,1970-01-01 00:00:00.000000012,1970-01-01 00:00:00.000000008
41.5,1818.3,22.5,2020-12-08 13:07:22,1970-01-01 00:00:00.000002020,1970-01-01 00:00:00.000000012,1970-01-01 00:00:00.000000008
41.6,1801.8,22.5,2020-12-08 13:07:45,1970-01-01 00:00:00.000002020,1970-01-01 00:00:00.000000012,1970-01-01 00:00:00.000000008
41.6,1801.8,22.5,2020-12-08 13:07:45,1970-01-01 00:00:00.000002020,1970-01-01 00:00:00.000000012,1970-01-01 00:00:00.000000008
41.6,1775.4,22.5,2020-12-08 13:08:19,1970-01-01 00:00:00.000002020,1970-01-01 00:00:00.000000012,1970-01-01 00:00:00.000000008
41.6,1775.4,22.5,2020-12-08 13:08:19,1970-01-01 00:00:00.000002020,1970-01-01 00:00:00.000000012,1970-01-01 00:00:00.000000008
41.7,1818.3,22.5,2020-12-08 13:11:21,1970-01-01 00:00:00.000002020,1970-01-01 00:00:00.000000012,1970-01-01 00:00:00.000000008
41.7,1818.3,22.5,2020-12-08 13:11:21,1970-01-01 00:00:00.000002020,1970-01-01 00:00:00.000000012,1970-01-01 00:00:00.000000008
41.6,1722.6,22.5,2020-12-08 13:11:44,1970-01-01 00:00:00.000002020,1970-01-01 00:00:00.000000012,1970-01-01 00:00:00.000000008
41.6,1722.6,22.5,2020-12-08 13:11:44,1970-01-01 00:00:00.000002020,1970-01-01 00:00:00.000000012,1970-01-01 00:00:00.000000008
41.7,1745.7,22.5,2020-12-08 13:15:32,1970-01-01 00:00:00.000002020,1970-01-01 00:00:00.000000012,1970-01-01 00:00:00.000000008
41.7,1745.7,22.5,2020-12-08 13:15:32,1970-01-01 00:00:00.000002020,1970-01-01 00:00:00.000000012,1970-01-01 00:00:00.000000008
41.6,1742.4,22.5,2020-12-08 13:17:37,1970-01-01 00:00:00.000002020,1970-01-01 00:00:00.000000012,1970-01-01 00:00:00.000000008
41.6,1742.4,22.5,2020-12-08 13:17:37,1970-01-01 00:00:00.000002020,1970-01-01 00:00:00.000000012,1970-01-01 00:00:00.000000008
41.7,1848.0,22.5,2020-12-08 13:18:45,1970-01-01 00:00:00.000002020,1970-01-01 00:00:00.000000012,1970-01-01 00:00:00.000000008
41.7,1848.0,22.5,2020-12-08 13:18:45,1970-01-01 00:00:00.000002020,1970-01-01 00:00:00.000000012,1970-01-01 00:00:00.000000008
41.7,1656.6,22.5,2020-12-08 13:19:31,1970-01-01 00:00:00.000002020,1970-01-01 00:00:00.000000012,1970-01-01 00:00:00.000000008
41.7,1656.6,22.5,2020-12-08 13:19:31,1970-01-01 00:00:00.000002020,1970-01-01 00:00:00.000000012,1970-01-01 00:00:00.000000008
41.7,1742.4,22.5,2020-12-08 13:21:47,1970-01-01 00:00:00.000002020,1970-01-01 00:00:00.000000012,1970-01-01 00:00:00.000000008
41.7,1742.4,22.5,2020-12-08 13:21:48,1970-01-01 00:00:00.000002020,1970-01-01 00:00:00.000000012,1970-01-01 00:00:00.000000008
41.8,1854.6,22.6,2020-12-08 13:22:10,1970-01-01 00:00:00.000002020,1970-01-01 00:00:00.000000012,1970-01-01 00:00:00.000000008
41.8,1854.6,22.6,2020-12-08 13:22:10,1970-01-01 00:00:00.000002020,1970-01-01 00:00:00.000000012,1970-01-01 00:00:00.000000008
41.9,1791.9,22.5,2020-12-08 13:22:56,1970-01-01 00:00:00.000002020,1970-01-01 00:00:00.000000012,1970-01-01 00:00:00.000000008
41.9,1791.9,22.5,2020-12-08 13:22:56,1970-01-01 00:00:00.000002020,1970-01-01 00:00:00.000000012,1970-01-01 00:00:00.000000008
42.1,1617.0,22.5,2020-12-08 13:23:30,1970-01-01 00:00:00.000002020,1970-01-01 00:00:00.000000012,1970-01-01 00:00:00.000000008
42.1,1617.0,22.5,2020-12-08 13:23:30,1970-01-01 00:00:00.000002020,1970-01-01 00:00:00.000000012,1970-01-01 00:00:00.000000008
42.1,1643.4,22.5,2020-12-08 13:23:41,1970-01-01 00:00:00.000002020,1970-01-01 00:00:00.000000012,1970-01-01 00:00:00.000000008
42.1,1643.4,22.5,2020-12-08 13:23:42,1970-01-01 00:00:00.000002020,1970-01-01 00:00:00.000000012,1970-01-01 00:00:00.000000008
42.8,1580.7,22.5,2020-12-08 13:25:47,1970-01-01 00:00:00.000002020,1970-01-01 00:00:00.000000012,1970-01-01 00:00:00.000000008
42.8,1580.7,22.5,2020-12-08 13:25:47,1970-01-01 00:00:00.000002020,1970-01-01 00:00:00.000000012,1970-01-01 00:00:00.000000008
42.7,1749.0,22.5,2020-12-08 13:27:18,1970-01-01 00:00:00.000002020,1970-01-01 00:00:00.000000012,1970-01-01 00:00:00.000000008
42.7,1749.0,22.5,2020-12-08 13:27:18,1970-01-01 00:00:00.000002020,1970-01-01 00:00:00.000000012,1970-01-01 00:00:00.000000008
42.7,1867.8,22.5,2020-12-08 13:27:29,1970-01-01 00:00:00.000002020,1970-01-01 00:00:00.000000012,1970-01-01 00:00:00.000000008
42.7,1867.8,22.5,2020-12-08 13:27:29,1970-01-01 00:00:00.000002020,1970-01-01 00:00:00.000000012,1970-01-01 00:00:00.000000008
42.8,1722.6,22.5,2020-12-08 13:27:41,1970-01-01 00:00:00.000002020,1970-01-01 00:00:00.000000012,1970-01-01 00:00:00.000000008
42.8,1722.6,22.5,2020-12-08 13:27:41,1970-01-01 00:00:00.000002020,1970-01-01 00:00:00.000000012,1970-01-01 00:00:00.000000008
42.7,1643.4,22.5,2020-12-08 13:28:15,1970-01-01 00:00:00.000002020,1970-01-01 00:00:00.000000012,1970-01-01 00:00:00.000000008
42.7,1643.4,22.5,2020-12-08 13:28:15,1970-01-01 00:00:00.000002020,1970-01-01 00:00:00.000000012,1970-01-01 00:00:00.000000008
42.7,1749.0,22.5,2020-12-08 13:28:26,1970-01-01 00:00:00.000002020,1970-01-01 00:00:00.000000012,1970-01-01 00:00:00.000000008
42.7,1749.0,22.5,2020-12-08 13:28:26,1970-01-01 00:00:00.000002020,1970-01-01 00:00:00.000000012,1970-01-01 00:00:00.000000008
42.7,1795.2,22.6,2020-12-08 13:29:57,1970-01-01 00:00:00.000002020,1970-01-01 00:00:00.000000012,1970-01-01 00:00:00.000000008
42.7,1795.2,22.6,2020-12-08 13:29:57,1970-01-01 00:00:00.000002020,1970-01-01 00:00:00.000000012,1970-01-01 00:00:00.000000008
42.8,1636.8,22.6,2020-12-08 13:30:31,1970-01-01 00:00:00.000002020,1970-01-01 00:00:00.000000012,1970-01-01 00:00:00.000000008
42.8,1636.8,22.6,2020-12-08 13:30:32,1970-01-01 00:00:00.000002020,1970-01-01 00:00:00.000000012,1970-01-01 00:00:00.000000008
42.7,1709.4,22.6,2020-12-08 13:31:05,1970-01-01 00:00:00.000002020,1970-01-01 00:00:00.000000012,1970-01-01 00:00:00.000000008
42.7,1709.4,22.6,2020-12-08 13:31:06,1970-01-01 00:00:00.000002020,1970-01-01 00:00:00.000000012,1970-01-01 00:00:00.000000008
42.7,1745.7,22.6,2020-12-08 13:31:17,1970-01-01 00:00:00.000002020,1970-01-01 00:00:00.000000012,1970-01-01 00:00:00.000000008
42.7,1745.7,22.6,2020-12-08 13:31:17,1970-01-01 00:00:00.000002020,1970-01-01 00:00:00.000000012,1970-01-01 00:00:00.000000008
42.6,1653.3,22.5,2020-12-08 13:31:51,1970-01-01 00:00:00.000002020,1970-01-01 00:00:00.000000012,1970-01-01 00:00:00.000000008
42.6,1653.3,22.5,2020-12-08 13:31:51,1970-01-01 00:00:00.000002020,1970-01-01 00:00:00.000000012,1970-01-01 00:00:00.000000008
42.7,1567.5,22.6,2020-12-08 13:32:25,1970-01-01 00:00:00.000002020,1970-01-01 00:00:00.000000012,1970-01-01 00:00:00.000000008
42.7,1567.5,22.6,2020-12-08 13:32:25,1970-01-01 00:00:00.000002020,1970-01-01 00:00:00.000000012,1970-01-01 00:00:00.000000008
42.7,1798.5,22.6,2020-12-08 13:32:59,1970-01-01 00:00:00.000002020,1970-01-01 00:00:00.000000012,1970-01-01 00:00:00.000000008
42.7,1798.5,22.6,2020-12-08 13:33:00,1970-01-01 00:00:00.000002020,1970-01-01 00:00:00.000000012,1970-01-01 00:00:00.000000008
42.7,1838.1,22.6,2020-12-08 13:33:22,1970-01-01 00:00:00.000002020,1970-01-01 00:00:00.000000012,1970-01-01 00:00:00.000000008
42.7,1838.1,22.6,2020-12-08 13:33:22,1970-01-01 00:00:00.000002020,1970-01-01 00:00:00.000000012,1970-01-01 00:00:00.000000008
42.8,1712.7,22.6,2020-12-08 13:34:42,1970-01-01 00:00:00.000002020,1970-01-01 00:00:00.000000012,1970-01-01 00:00:00.000000008
42.8,1712.7,22.6,2020-12-08 13:34:42,1970-01-01 00:00:00.000002020,1970-01-01 00:00:00.000000012,1970-01-01 00:00:00.000000008
43.0,1798.5,22.6,2020-12-08 13:35:39,1970-01-01 00:00:00.000002020,1970-01-01 00:00:00.000000012,1970-01-01 00:00:00.000000008
43.0,1798.5,22.6,2020-12-08 13:35:39,1970-01-01 00:00:00.000002020,1970-01-01 00:00:00.000000012,1970-01-01 00:00:00.000000008
43.0,1725.9,22.5,2020-12-08 13:37:21,1970-01-01 00:00:00.000002020,1970-01-01 00:00:00.000000012,1970-01-01 00:00:00.000000008
43.0,1725.9,22.5,2020-12-08 13:37:22,1970-01-01 00:00:00.000002020,1970-01-01 00:00:00.000000012,1970-01-01 00:00:00.000000008
43.1,1574.1,22.6,2020-12-08 13:37:56,1970-01-01 00:00:00.000002020,1970-01-01 00:00:00.000000012,1970-01-01 00:00:00.000000008
43.1,1574.1,22.6,2020-12-08 13:37:56,1970-01-01 00:00:00.000002020,1970-01-01 00:00:00.000000012,1970-01-01 00:00:00.000000008
43.2,1815.0,22.6,2020-12-08 13:38:30,1970-01-01 00:00:00.000002020,1970-01-01 00:00:00.000000012,1970-01-01 00:00:00.000000008
43.2,1815.0,22.6,2020-12-08 13:38:30,1970-01-01 00:00:00.000002020,1970-01-01 00:00:00.000000012,1970-01-01 00:00:00.000000008
43.2,1580.7,22.6,2020-12-08 13:38:41,1970-01-01 00:00:00.000002020,1970-01-01 00:00:00.000000012,1970-01-01 00:00:00.000000008
43.2,1580.7,22.6,2020-12-08 13:38:41,1970-01-01 00:00:00.000002020,1970-01-01 00:00:00.000000012,1970-01-01 00:00:00.000000008
43.3,1795.2,22.6,2020-12-08 13:39:16,1970-01-01 00:00:00.000002020,1970-01-01 00:00:00.000000012,1970-01-01 00:00:00.000000008
43.3,1795.2,22.6,2020-12-08 13:39:16,1970-01-01 00:00:00.000002020,1970-01-01 00:00:00.000000012,1970-01-01 00:00:00.000000008
43.4,1758.9,22.6,2020-12-08 13:39:50,1970-01-01 00:00:00.000002020,1970-01-01 00:00:00.000000012,1970-01-01 00:00:00.000000008
43.4,1758.9,22.6,2020-12-08 13:39:50,1970-01-01 00:00:00.000002020,1970-01-01 00:00:00.000000012,1970-01-01 00:00:00.000000008
43.2,1778.7,22.6,2020-12-08 13:40:01,1970-01-01 00:00:00.000002020,1970-01-01 00:00:00.000000012,1970-01-01 00:00:00.000000008
43.2,1778.7,22.6,2020-12-08 13:40:01,1970-01-01 00:00:00.000002020,1970-01-01 00:00:00.000000012,1970-01-01 00:00:00.000000008
43.4,1679.7,22.6,2020-12-08 13:40:12,1970-01-01 00:00:00.000002020,1970-01-01 00:00:00.000000012,1970-01-01 00:00:00.000000008
43.4,1679.7,22.6,2020-12-08 13:40:13,1970-01-01 00:00:00.000002020,1970-01-01 00:00:00.000000012,1970-01-01 00:00:00.000000008
43.8,1722.6,22.6,2020-12-08 13:41:32,1970-01-01 00:00:00.000002020,1970-01-01 00:00:00.000000012,1970-01-01 00:00:00.000000008
43.8,1722.6,22.6,2020-12-08 13:41:32,1970-01-01 00:00:00.000002020,1970-01-01 00:00:00.000000012,1970-01-01 00:00:00.000000008
41.9,1458.6,22.6,2020-12-08 13:42:18,1970-01-01 00:00:00.000002020,1970-01-01 00:00:00.000000012,1970-01-01 00:00:00.000000008
41.9,1458.6,22.6,2020-12-08 13:42:18,1970-01-01 00:00:00.000002020,1970-01-01 00:00:00.000000012,1970-01-01 00:00:00.000000008
48.9,13513.5,22.9,2020-12-08 13:44:39,1970-01-01 00:00:00.000002020,1970-01-01 00:00:00.000000012,1970-01-01 00:00:00.000000008
48.9,13513.5,22.9,2020-12-08 13:44:39,1970-01-01 00:00:00.000002020,1970-01-01 00:00:00.000000012,1970-01-01 00:00:00.000000008
41.7,13513.5,23.0,2020-12-08 13:44:50,1970-01-01 00:00:00.000002020,1970-01-01 00:00:00.000000012,1970-01-01 00:00:00.000000008
41.7,13513.5,23.0,2020-12-08 13:44:50,1970-01-01 00:00:00.000002020,1970-01-01 00:00:00.000000012,1970-01-01 00:00:00.000000008
41.6,13513.5,23.2,2020-12-08 13:53:57,1970-01-01 00:00:00.000002020,1970-01-01 00:00:00.000000012,1970-01-01 00:00:00.000000008
41.6,13513.5,23.2,2020-12-08 13:53:57,1970-01-01 00:00:00.000002020,1970-01-01 00:00:00.000000012,1970-01-01 00:00:00.000000008
41.9,13513.5,23.3,2020-12-08 13:54:08,1970-01-01 00:00:00.000002020,1970-01-01 00:00:00.000000012,1970-01-01 00:00:00.000000008
41.9,13513.5,23.3,2020-12-08 13:54:08,1970-01-01 00:00:00.000002020,1970-01-01 00:00:00.000000012,1970-01-01 00:00:00.000000008
41.5,13513.5,23.2,2020-12-08 13:55:05,1970-01-01 00:00:00.000002020,1970-01-01 00:00:00.000000012,1970-01-01 00:00:00.000000008
41.5,13513.5,23.2,2020-12-08 13:55:05,1970-01-01 00:00:00.000002020,1970-01-01 00:00:00.000000012,1970-01-01 00:00:00.000000008
41.5,13513.5,23.2,2020-12-08 13:55:28,1970-01-01 00:00:00.000002020,1970-01-01 00:00:00.000000012,1970-01-01 00:00:00.000000008
41.5,13513.5,23.2,2020-12-08 13:55:28,1970-01-01 00:00:00.000002020,1970-01-01 00:00:00.000000012,1970-01-01 00:00:00.000000008
41.5,13513.5,23.2,2020-12-08 13:55:51,1970-01-01 00:00:00.000002020,1970-01-01 00:00:00.000000012,1970-01-01 00:00:00.000000008
41.5,13513.5,23.2,2020-12-08 13:56:48,1970-01-01 00:00:00.000002020,1970-01-01 00:00:00.000000012,1970-01-01 00:00:00.000000008
41.5,13513.5,23.2,2020-12-08 13:56:48,1970-01-01 00:00:00.000002020,1970-01-01 00:00:00.000000012,1970-01-01 00:00:00.000000008
41.4,13513.5,23.1,2020-12-08 13:56:59,1970-01-01 00:00:00.000002020,1970-01-01 00:00:00.000000012,1970-01-01 00:00:00.000000008
41.4,13513.5,23.1,2020-12-08 13:56:59,1970-01-01 00:00:00.000002020,1970-01-01 00:00:00.000000012,1970-01-01 00:00:00.000000008
41.4,13513.5,23.2,2020-12-08 13:57:10,1970-01-01 00:00:00.000002020,1970-01-01 00:00:00.000000012,1970-01-01 00:00:00.000000008
41.4,13513.5,23.2,2020-12-08 13:57:11,1970-01-01 00:00:00.000002020,1970-01-01 00:00:00.000000012,1970-01-01 00:00:00.000000008
41.3,13513.5,23.2,2020-12-08 13:57:22,1970-01-01 00:00:00.000002020,1970-01-01 00:00:00.000000012,1970-01-01 00:00:00.000000008
41.3,13513.5,23.2,2020-12-08 13:57:22,1970-01-01 00:00:00.000002020,1970-01-01 00:00:00.000000012,1970-01-01 00:00:00.000000008
41.2,13513.5,23.2,2020-12-08 13:57:45,1970-01-01 00:00:00.000002020,1970-01-01 00:00:00.000000012,1970-01-01 00:00:00.000000008
41.2,13513.5,23.2,2020-12-08 13:57:45,1970-01-01 00:00:00.000002020,1970-01-01 00:00:00.000000012,1970-01-01 00:00:00.000000008
41.1,13513.5,23.2,2020-12-08 13:59:04,1970-01-01 00:00:00.000002020,1970-01-01 00:00:00.000000012,1970-01-01 00:00:00.000000008
41.1,13513.5,23.2,2020-12-08 13:59:04,1970-01-01 00:00:00.000002020,1970-01-01 00:00:00.000000012,1970-01-01 00:00:00.000000008
41.2,13513.5,23.3,2020-12-08 13:59:16,1970-01-01 00:00:00.000002020,1970-01-01 00:00:00.000000012,1970-01-01 00:00:00.000000008
41.2,13513.5,23.3,2020-12-08 13:59:16,1970-01-01 00:00:00.000002020,1970-01-01 00:00:00.000000012,1970-01-01 00:00:00.000000008
41.2,13513.5,23.2,2020-12-08 14:00:12,1970-01-01 00:00:00.000002020,1970-01-01 00:00:00.000000012,1970-01-01 00:00:00.000000008
41.2,13513.5,23.2,2020-12-08 14:00:13,1970-01-01 00:00:00.000002020,1970-01-01 00:00:00.000000012,1970-01-01 00:00:00.000000008
41.1,13513.5,23.2,2020-12-08 14:00:24,1970-01-01 00:00:00.000002020,1970-01-01 00:00:00.000000012,1970-01-01 00:00:00.000000008
41.1,13513.5,23.2,2020-12-08 14:00:24,1970-01-01 00:00:00.000002020,1970-01-01 00:00:00.000000012,1970-01-01 00:00:00.000000008
41.1,13513.5,23.0,2020-12-08 14:01:21,1970-01-01 00:00:00.000002020,1970-01-01 00:00:00.000000012,1970-01-01 00:00:00.000000008
41.1,13513.5,23.0,2020-12-08 14:01:21,1970-01-01 00:00:00.000002020,1970-01-01 00:00:00.000000012,1970-01-01 00:00:00.000000008
41.2,13513.5,23.2,2020-12-08 14:02:41,1970-01-01 00:00:00.000002020,1970-01-01 00:00:00.000000012,1970-01-01 00:00:00.000000008
41.2,13513.5,23.2,2020-12-08 14:02:41,1970-01-01 00:00:00.000002020,1970-01-01 00:00:00.000000012,1970-01-01 00:00:00.000000008
41.3,13513.5,23.2,2020-12-08 14:02:52,1970-01-01 00:00:00.000002020,1970-01-01 00:00:00.000000012,1970-01-01 00:00:00.000000008
41.3,13513.5,23.2,2020-12-08 14:02:52,1970-01-01 00:00:00.000002020,1970-01-01 00:00:00.000000012,1970-01-01 00:00:00.000000008
41.3,13513.5,23.2,2020-12-08 14:03:15,1970-01-01 00:00:00.000002020,1970-01-01 00:00:00.000000012,1970-01-01 00:00:00.000000008
41.3,13513.5,23.2,2020-12-08 14:03:15,1970-01-01 00:00:00.000002020,1970-01-01 00:00:00.000000012,1970-01-01 00:00:00.000000008
41.1,13513.5,23.2,2020-12-08 14:04:00,1970-01-01 00:00:00.000002020,1970-01-01 00:00:00.000000012,1970-01-01 00:00:00.000000008
41.1,13513.5,23.2,2020-12-08 14:04:01,1970-01-01 00:00:00.000002020,1970-01-01 00:00:00.000000012,1970-01-01 00:00:00.000000008
41.1,13513.5,23.2,2020-12-08 14:04:12,1970-01-01 00:00:00.000002020,1970-01-01 00:00:00.000000012,1970-01-01 00:00:00.000000008
41.1,13513.5,23.2,2020-12-08 14:04:12,1970-01-01 00:00:00.000002020,1970-01-01 00:00:00.000000012,1970-01-01 00:00:00.000000008
41.1,13513.5,23.2,2020-12-08 14:04:23,1970-01-01 00:00:00.000002020,1970-01-01 00:00:00.000000012,1970-01-01 00:00:00.000000008
41.1,13513.5,23.2,2020-12-08 14:04:23,1970-01-01 00:00:00.000002020,1970-01-01 00:00:00.000000012,1970-01-01 00:00:00.000000008
41.2,13513.5,23.2,2020-12-08 14:04:57,1970-01-01 00:00:00.000002020,1970-01-01 00:00:00.000000012,1970-01-01 00:00:00.000000008
41.2,13513.5,23.2,2020-12-08 14:04:57,1970-01-01 00:00:00.000002020,1970-01-01 00:00:00.000000012,1970-01-01 00:00:00.000000008
41.2,13513.5,23.2,2020-12-08 14:05:09,1970-01-01 00:00:00.000002020,1970-01-01 00:00:00.000000012,1970-01-01 00:00:00.000000008
41.2,13513.5,23.2,2020-12-08 14:05:09,1970-01-01 00:00:00.000002020,1970-01-01 00:00:00.000000012,1970-01-01 00:00:00.000000008
41.2,13513.5,23.2,2020-12-08 14:05:20,1970-01-01 00:00:00.000002020,1970-01-01 00:00:00.000000012,1970-01-01 00:00:00.000000008
41.2,13513.5,23.2,2020-12-08 14:05:20,1970-01-01 00:00:00.000002020,1970-01-01 00:00:00.000000012,1970-01-01 00:00:00.000000008
41.2,13513.5,23.2,2020-12-08 14:06:17,1970-01-01 00:00:00.000002020,1970-01-01 00:00:00.000000012,1970-01-01 00:00:00.000000008
41.2,13513.5,23.2,2020-12-08 14:06:17,1970-01-01 00:00:00.000002020,1970-01-01 00:00:00.000000012,1970-01-01 00:00:00.000000008
41.3,13513.5,23.2,2020-12-08 14:07:03,1970-01-01 00:00:00.000002020,1970-01-01 00:00:00.000000012,1970-01-01 00:00:00.000000008
41.3,13513.5,23.2,2020-12-08 14:07:03,1970-01-01 00:00:00.000002020,1970-01-01 00:00:00.000000012,1970-01-01 00:00:00.000000008
41.3,13513.5,23.2,2020-12-08 14:07:14,1970-01-01 00:00:00.000002020,1970-01-01 00:00:00.000000012,1970-01-01 00:00:00.000000008
41.3,13513.5,23.2,2020-12-08 14:07:14,1970-01-01 00:00:00.000002020,1970-01-01 00:00:00.000000012,1970-01-01 00:00:00.000000008
41.3,13513.5,23.2,2020-12-08 14:07:37,1970-01-01 00:00:00.000002020,1970-01-01 00:00:00.000000012,1970-01-01 00:00:00.000000008
41.3,13513.5,23.2,2020-12-08 14:07:37,1970-01-01 00:00:00.000002020,1970-01-01 00:00:00.000000012,1970-01-01 00:00:00.000000008
41.2,13513.5,23.2,2020-12-08 14:07:48,1970-01-01 00:00:00.000002020,1970-01-01 00:00:00.000000012,1970-01-01 00:00:00.000000008
41.2,13513.5,23.2,2020-12-08 14:07:48,1970-01-01 00:00:00.000002020,1970-01-01 00:00:00.000000012,1970-01-01 00:00:00.000000008
41.1,13513.5,23.2,2020-12-08 14:10:17,1970-01-01 00:00:00.000002020,1970-01-01 00:00:00.000000012,1970-01-01 00:00:00.000000008
41.1,13513.5,23.2,2020-12-08 14:10:17,1970-01-01 00:00:00.000002020,1970-01-01 00:00:00.000000012,1970-01-01 00:00:00.000000008
41.1,13513.5,23.1,2020-12-08 14:10:39,1970-01-01 00:00:00.000002020,1970-01-01 00:00:00.000000012,1970-01-01 00:00:00.000000008
41.1,13513.5,23.1,2020-12-08 14:10:39,1970-01-01 00:00:00.000002020,1970-01-01 00:00:00.000000012,1970-01-01 00:00:00.000000008
41.1,13513.5,23.2,2020-12-08 14:10:50,1970-01-01 00:00:00.000002020,1970-01-01 00:00:00.000000012,1970-01-01 00:00:00.000000008
41.1,13513.5,23.2,2020-12-08 14:10:51,1970-01-01 00:00:00.000002020,1970-01-01 00:00:00.000000012,1970-01-01 00:00:00.000000008
41.1,13513.5,23.2,2020-12-08 14:12:33,1970-01-01 00:00:00.000002020,1970-01-01 00:00:00.000000012,1970-01-01 00:00:00.000000008
41.1,13513.5,23.2,2020-12-08 14:12:33,1970-01-01 00:00:00.000002020,1970-01-01 00:00:00.000000012,1970-01-01 00:00:00.000000008
41.1,13513.5,23.2,2020-12-08 14:13:30,1970-01-01 00:00:00.000002020,1970-01-01 00:00:00.000000012,1970-01-01 00:00:00.000000008
41.1,13513.5,23.2,2020-12-08 14:13:30,1970-01-01 00:00:00.000002020,1970-01-01 00:00:00.000000012,1970-01-01 00:00:00.000000008
41.1,13513.5,23.2,2020-12-08 14:13:53,1970-01-01 00:00:00.000002020,1970-01-01 00:00:00.000000012,1970-01-01 00:00:00.000000008
41.1,13513.5,23.2,2020-12-08 14:13:53,1970-01-01 00:00:00.000002020,1970-01-01 00:00:00.000000012,1970-01-01 00:00:00.000000008
41.0,13513.5,23.2,2020-12-08 14:14:16,1970-01-01 00:00:00.000002020,1970-01-01 00:00:00.000000012,1970-01-01 00:00:00.000000008
41.0,13513.5,23.2,2020-12-08 14:14:16,1970-01-01 00:00:00.000002020,1970-01-01 00:00:00.000000012,1970-01-01 00:00:00.000000008
41.1,13513.5,23.4,2020-12-08 14:17:40,1970-01-01 00:00:00.000002020,1970-01-01 00:00:00.000000012,1970-01-01 00:00:00.000000008
41.1,13513.5,23.4,2020-12-08 14:17:41,1970-01-01 00:00:00.000002020,1970-01-01 00:00:00.000000012,1970-01-01 00:00:00.000000008
40.9,13513.5,23.2,2020-12-08 14:17:52,1970-01-01 00:00:00.000002020,1970-01-01 00:00:00.000000012,1970-01-01 00:00:00.000000008
40.9,13513.5,23.2,2020-12-08 14:17:52,1970-01-01 00:00:00.000002020,1970-01-01 00:00:00.000000012,1970-01-01 00:00:00.000000008
41.0,13513.5,23.2,2020-12-08 14:18:15,1970-01-01 00:00:00.000002020,1970-01-01 00:00:00.000000012,1970-01-01 00:00:00.000000008
41.0,13513.5,23.2,2020-12-08 14:18:15,1970-01-01 00:00:00.000002020,1970-01-01 00:00:00.000000012,1970-01-01 00:00:00.000000008
41.1,13513.5,23.2,2020-12-08 14:18:26,1970-01-01 00:00:00.000002020,1970-01-01 00:00:00.000000012,1970-01-01 00:00:00.000000008
41.1,13513.5,23.2,2020-12-08 14:18:26,1970-01-01 00:00:00.000002020,1970-01-01 00:00:00.000000012,1970-01-01 00:00:00.000000008
41.2,13513.5,23.3,2020-12-08 14:18:37,1970-01-01 00:00:00.000002020,1970-01-01 00:00:00.000000012,1970-01-01 00:00:00.000000008
41.2,13513.5,23.3,2020-12-08 14:18:38,1970-01-01 00:00:00.000002020,1970-01-01 00:00:00.000000012,1970-01-01 00:00:00.000000008
41.1,13513.5,23.1,2020-12-08 14:18:49,1970-01-01 00:00:00.000002020,1970-01-01 00:00:00.000000012,1970-01-01 00:00:00.000000008
41.1,13513.5,23.1,2020-12-08 14:18:49,1970-01-01 00:00:00.000002020,1970-01-01 00:00:00.000000012,1970-01-01 00:00:00.000000008
41.6,13513.5,23.4,2020-12-08 14:19:57,1970-01-01 00:00:00.000002020,1970-01-01 00:00:00.000000012,1970-01-01 00:00:00.000000008
41.6,13513.5,23.4,2020-12-08 14:19:57,1970-01-01 00:00:00.000002020,1970-01-01 00:00:00.000000012,1970-01-01 00:00:00.000000008
41.4,13513.5,23.1,2020-12-08 14:20:08,1970-01-01 00:00:00.000002020,1970-01-01 00:00:00.000000012,1970-01-01 00:00:00.000000008
41.4,13513.5,23.1,2020-12-08 14:20:09,1970-01-01 00:00:00.000002020,1970-01-01 00:00:00.000000012,1970-01-01 00:00:00.000000008
41.5,13513.5,23.3,2020-12-08 14:20:31,1970-01-01 00:00:00.000002020,1970-01-01 00:00:00.000000012,1970-01-01 00:00:00.000000008
41.5,13513.5,23.3,2020-12-08 14:20:31,1970-01-01 00:00:00.000002020,1970-01-01 00:00:00.000000012,1970-01-01 00:00:00.000000008
41.4,13513.5,23.2,2020-12-08 14:20:43,1970-01-01 00:00:00.000002020,1970-01-01 00:00:00.000000012,1970-01-01 00:00:00.000000008
41.4,13513.5,23.2,2020-12-08 14:20:43,1970-01-01 00:00:00.000002020,1970-01-01 00:00:00.000000012,1970-01-01 00:00:00.000000008
41.5,13513.5,23.4,2020-12-08 14:20:54,1970-01-01 00:00:00.000002020,1970-01-01 00:00:00.000000012,1970-01-01 00:00:00.000000008
41.5,13513.5,23.4,2020-12-08 14:20:54,1970-01-01 00:00:00.000002020,1970-01-01 00:00:00.000000012,1970-01-01 00:00:00.000000008
41.5,13513.5,23.3,2020-12-08 14:21:05,1970-01-01 00:00:00.000002020,1970-01-01 00:00:00.000000012,1970-01-01 00:00:00.000000008
41.5,13513.5,23.3,2020-12-08 14:21:06,1970-01-01 00:00:00.000002020,1970-01-01 00:00:00.000000012,1970-01-01 00:00:00.000000008
41.4,13513.5,23.3,2020-12-08 14:21:17,1970-01-01 00:00:00.000002020,1970-01-01 00:00:00.000000012,1970-01-01 00:00:00.000000008
41.4,13513.5,23.3,2020-12-08 14:21:17,1970-01-01 00:00:00.000002020,1970-01-01 00:00:00.000000012,1970-01-01 00:00:00.000000008
41.3,13513.5,23.3,2020-12-08 14:21:28,1970-01-01 00:00:00.000002020,1970-01-01 00:00:00.000000012,1970-01-01 00:00:00.000000008
41.3,13513.5,23.3,2020-12-08 14:21:28,1970-01-01 00:00:00.000002020,1970-01-01 00:00:00.000000012,1970-01-01 00:00:00.000000008
41.3,13513.5,23.3,2020-12-08 14:21:40,1970-01-01 00:00:00.000002020,1970-01-01 00:00:00.000000012,1970-01-01 00:00:00.000000008
41.3,13513.5,23.3,2020-12-08 14:21:40,1970-01-01 00:00:00.000002020,1970-01-01 00:00:00.000000012,1970-01-01 00:00:00.000000008
41.2,13513.5,23.3,2020-12-08 14:22:37,1970-01-01 00:00:00.000002020,1970-01-01 00:00:00.000000012,1970-01-01 00:00:00.000000008
41.2,13513.5,23.3,2020-12-08 14:22:37,1970-01-01 00:00:00.000002020,1970-01-01 00:00:00.000000012,1970-01-01 00:00:00.000000008
41.1,13513.5,23.2,2020-12-08 14:22:59,1970-01-01 00:00:00.000002020,1970-01-01 00:00:00.000000012,1970-01-01 00:00:00.000000008
41.1,13513.5,23.2,2020-12-08 14:22:59,1970-01-01 00:00:00.000002020,1970-01-01 00:00:00.000000012,1970-01-01 00:00:00.000000008
41.5,13513.5,23.2,2020-12-08 14:26:36,1970-01-01 00:00:00.000002020,1970-01-01 00:00:00.000000012,1970-01-01 00:00:00.000000008
41.5,13513.5,23.2,2020-12-08 14:26:36,1970-01-01 00:00:00.000002020,1970-01-01 00:00:00.000000012,1970-01-01 00:00:00.000000008
41.4,13513.5,23.2,2020-12-08 14:26:59,1970-01-01 00:00:00.000002020,1970-01-01 00:00:00.000000012,1970-01-01 00:00:00.000000008
41.4,13513.5,23.2,2020-12-08 14:26:59,1970-01-01 00:00:00.000002020,1970-01-01 00:00:00.000000012,1970-01-01 00:00:00.000000008
41.4,13513.5,23.2,2020-12-08 14:27:10,1970-01-01 00:00:00.000002020,1970-01-01 00:00:00.000000012,1970-01-01 00:00:00.000000008
41.4,13513.5,23.2,2020-12-08 14:27:10,1970-01-01 00:00:00.000002020,1970-01-01 00:00:00.000000012,1970-01-01 00:00:00.000000008
41.2,13513.5,23.2,2020-12-08 14:28:41,1970-01-01 00:00:00.000002020,1970-01-01 00:00:00.000000012,1970-01-01 00:00:00.000000008
41.2,13513.5,23.2,2020-12-08 14:28:41,1970-01-01 00:00:00.000002020,1970-01-01 00:00:00.000000012,1970-01-01 00:00:00.000000008
41.0,13513.5,23.0,2020-12-08 14:29:27,1970-01-01 00:00:00.000002020,1970-01-01 00:00:00.000000012,1970-01-01 00:00:00.000000008
41.0,13513.5,23.0,2020-12-08 14:29:27,1970-01-01 00:00:00.000002020,1970-01-01 00:00:00.000000012,1970-01-01 00:00:00.000000008
41.1,13513.5,23.1,2020-12-08 14:29:38,1970-01-01 00:00:00.000002020,1970-01-01 00:00:00.000000012,1970-01-01 00:00:00.000000008
41.1,13513.5,23.1,2020-12-08 14:29:38,1970-01-01 00:00:00.000002020,1970-01-01 00:00:00.000000012,1970-01-01 00:00:00.000000008
41.1,13513.5,23.2,2020-12-08 14:30:58,1970-01-01 00:00:00.000002020,1970-01-01 00:00:00.000000012,1970-01-01 00:00:00.000000008
41.1,13513.5,23.2,2020-12-08 14:30:58,1970-01-01 00:00:00.000002020,1970-01-01 00:00:00.000000012,1970-01-01 00:00:00.000000008
41.1,13513.5,23.2,2020-12-08 14:31:09,1970-01-01 00:00:00.000002020,1970-01-01 00:00:00.000000012,1970-01-01 00:00:00.000000008
41.1,13513.5,23.2,2020-12-08 14:31:09,1970-01-01 00:00:00.000002020,1970-01-01 00:00:00.000000012,1970-01-01 00:00:00.000000008
41.1,13513.5,23.2,2020-12-08 14:31:20,1970-01-01 00:00:00.000002020,1970-01-01 00:00:00.000000012,1970-01-01 00:00:00.000000008
41.1,13513.5,23.2,2020-12-08 14:31:21,1970-01-01 00:00:00.000002020,1970-01-01 00:00:00.000000012,1970-01-01 00:00:00.000000008
41.1,13513.5,23.2,2020-12-08 14:31:55,1970-01-01 00:00:00.000002020,1970-01-01 00:00:00.000000012,1970-01-01 00:00:00.000000008
41.1,13513.5,23.2,2020-12-08 14:31:55,1970-01-01 00:00:00.000002020,1970-01-01 00:00:00.000000012,1970-01-01 00:00:00.000000008
41.0,13513.5,23.0,2020-12-08 14:32:17,1970-01-01 00:00:00.000002020,1970-01-01 00:00:00.000000012,1970-01-01 00:00:00.000000008
41.0,13513.5,23.0,2020-12-08 14:32:18,1970-01-01 00:00:00.000002020,1970-01-01 00:00:00.000000012,1970-01-01 00:00:00.000000008
40.9,13513.5,23.2,2020-12-08 14:33:03,1970-01-01 00:00:00.000002020,1970-01-01 00:00:00.000000012,1970-01-01 00:00:00.000000008
40.9,13513.5,23.2,2020-12-08 14:33:03,1970-01-01 00:00:00.000002020,1970-01-01 00:00:00.000000012,1970-01-01 00:00:00.000000008
41.0,13513.5,23.2,2020-12-08 14:33:49,1970-01-01 00:00:00.000002020,1970-01-01 00:00:00.000000012,1970-01-01 00:00:00.000000008
41.0,13513.5,23.2,2020-12-08 14:33:49,1970-01-01 00:00:00.000002020,1970-01-01 00:00:00.000000012,1970-01-01 00:00:00.000000008
40.9,13513.5,23.2,2020-12-08 14:34:00,1970-01-01 00:00:00.000002020,1970-01-01 00:00:00.000000012,1970-01-01 00:00:00.000000008
40.9,13513.5,23.2,2020-12-08 14:34:00,1970-01-01 00:00:00.000002020,1970-01-01 00:00:00.000000012,1970-01-01 00:00:00.000000008
41.0,13513.5,23.2,2020-12-08 14:34:23,1970-01-01 00:00:00.000002020,1970-01-01 00:00:00.000000012,1970-01-01 00:00:00.000000008
41.0,13513.5,23.2,2020-12-08 14:34:23,1970-01-01 00:00:00.000002020,1970-01-01 00:00:00.000000012,1970-01-01 00:00:00.000000008
41.0,13513.5,23.1,2020-12-08 14:34:34,1970-01-01 00:00:00.000002020,1970-01-01 00:00:00.000000012,1970-01-01 00:00:00.000000008
41.0,13513.5,23.1,2020-12-08 14:34:34,1970-01-01 00:00:00.000002020,1970-01-01 00:00:00.000000012,1970-01-01 00:00:00.000000008
41.1,13513.5,23.3,2020-12-08 14:36:05,1970-01-01 00:00:00.000002020,1970-01-01 00:00:00.000000012,1970-01-01 00:00:00.000000008
41.1,13513.5,23.3,2020-12-08 14:36:05,1970-01-01 00:00:00.000002020,1970-01-01 00:00:00.000000012,1970-01-01 00:00:00.000000008
41.0,13513.5,23.2,2020-12-08 14:36:28,1970-01-01 00:00:00.000002020,1970-01-01 00:00:00.000000012,1970-01-01 00:00:00.000000008
41.0,13513.5,23.2,2020-12-08 14:36:28,1970-01-01 00:00:00.000002020,1970-01-01 00:00:00.000000012,1970-01-01 00:00:00.000000008
41.2,13513.5,23.2,2020-12-08 14:38:33,1970-01-01 00:00:00.000002020,1970-01-01 00:00:00.000000012,1970-01-01 00:00:00.000000008
41.2,13513.5,23.2,2020-12-08 14:38:33,1970-01-01 00:00:00.000002020,1970-01-01 00:00:00.000000012,1970-01-01 00:00:00.000000008
41.2,13513.5,23.2,2020-12-08 14:38:44,1970-01-01 00:00:00.000002020,1970-01-01 00:00:00.000000012,1970-01-01 00:00:00.000000008
41.2,13513.5,23.2,2020-12-08 14:38:45,1970-01-01 00:00:00.000002020,1970-01-01 00:00:00.000000012,1970-01-01 00:00:00.000000008
41.3,13513.5,23.2,2020-12-08 14:39:42,1970-01-01 00:00:00.000002020,1970-01-01 00:00:00.000000012,1970-01-01 00:00:00.000000008
41.3,13513.5,23.2,2020-12-08 14:39:42,1970-01-01 00:00:00.000002020,1970-01-01 00:00:00.000000012,1970-01-01 00:00:00.000000008
41.3,13513.5,23.2,2020-12-08 14:39:53,1970-01-01 00:00:00.000002020,1970-01-01 00:00:00.000000012,1970-01-01 00:00:00.000000008
41.3,13513.5,23.2,2020-12-08 14:39:53,1970-01-01 00:00:00.000002020,1970-01-01 00:00:00.000000012,1970-01-01 00:00:00.000000008
41.3,13513.5,23.2,2020-12-08 14:41:13,1970-01-01 00:00:00.000002020,1970-01-01 00:00:00.000000012,1970-01-01 00:00:00.000000008
41.3,13513.5,23.2,2020-12-08 14:41:13,1970-01-01 00:00:00.000002020,1970-01-01 00:00:00.000000012,1970-01-01 00:00:00.000000008
41.2,13513.5,23.2,2020-12-08 14:43:29,1970-01-01 00:00:00.000002020,1970-01-01 00:00:00.000000012,1970-01-01 00:00:00.000000008
41.2,13513.5,23.2,2020-12-08 14:43:29,1970-01-01 00:00:00.000002020,1970-01-01 00:00:00.000000012,1970-01-01 00:00:00.000000008
41.2,13513.5,23.1,2020-12-08 14:43:41,1970-01-01 00:00:00.000002020,1970-01-01 00:00:00.000000012,1970-01-01 00:00:00.000000008
41.2,13513.5,23.1,2020-12-08 14:43:41,1970-01-01 00:00:00.000002020,1970-01-01 00:00:00.000000012,1970-01-01 00:00:00.000000008
41.2,13513.5,23.2,2020-12-08 14:44:03,1970-01-01 00:00:00.000002020,1970-01-01 00:00:00.000000012,1970-01-01 00:00:00.000000008
41.2,13513.5,23.2,2020-12-08 14:44:04,1970-01-01 00:00:00.000002020,1970-01-01 00:00:00.000000012,1970-01-01 00:00:00.000000008
41.2,13513.5,23.2,2020-12-08 14:45:12,1970-01-01 00:00:00.000002020,1970-01-01 00:00:00.000000012,1970-01-01 00:00:00.000000008
41.2,13513.5,23.2,2020-12-08 14:45:12,1970-01-01 00:00:00.000002020,1970-01-01 00:00:00.000000012,1970-01-01 00:00:00.000000008
41.2,13513.5,23.2,2020-12-08 14:45:23,1970-01-01 00:00:00.000002020,1970-01-01 00:00:00.000000012,1970-01-01 00:00:00.000000008
41.2,13513.5,23.2,2020-12-08 14:45:23,1970-01-01 00:00:00.000002020,1970-01-01 00:00:00.000000012,1970-01-01 00:00:00.000000008
41.2,13513.5,23.2,2020-12-08 14:45:34,1970-01-01 00:00:00.000002020,1970-01-01 00:00:00.000000012,1970-01-01 00:00:00.000000008
41.2,13513.5,23.2,2020-12-08 14:45:35,1970-01-01 00:00:00.000002020,1970-01-01 00:00:00.000000012,1970-01-01 00:00:00.000000008
