distance,battery,voltage,time,year,month,day
492.59844970703125,0.8579999804496765,4.019999980926514,2021-05-02 12:32:17,1970-01-01 00:00:00.000002021,1970-01-01 00:00:00.000000002,1970-01-01 00:00:00.000000005
492.59844970703125,0.8579999804496765,4.019999980926514,2021-05-02 12:32:22,1970-01-01 00:00:00.000002021,1970-01-01 00:00:00.000000002,1970-01-01 00:00:00.000000005
3367.59716796875,0.8569999933242798,4.019999980926514,2021-05-02 12:48:16,1970-01-01 00:00:00.000002021,1970-01-01 00:00:00.000000002,1970-01-01 00:00:00.000000005
3367.59716796875,0.8569999933242798,4.019999980926514,2021-05-02 12:48:21,1970-01-01 00:00:00.000002021,1970-01-01 00:00:00.000000002,1970-01-01 00:00:00.000000005
3367.59716796875,0.8579999804496765,4.019999980926514,2021-05-02 13:04:14,1970-01-01 00:00:00.000002021,1970-01-01 00:00:00.000000002,1970-01-01 00:00:00.000000005
3367.59716796875,0.8579999804496765,4.019999980926514,2021-05-02 13:04:19,1970-01-01 00:00:00.000002021,1970-01-01 00:00:00.000000002,1970-01-01 00:00:00.000000005
1591.2821044921875,0.859000027179718,4.0219998359680185,2021-05-02 13:28:07,1970-01-01 00:00:00.000002021,1970-01-01 00:00:00.000000002,1970-01-01 00:00:00.000000005
1591.2821044921875,0.859000027179718,4.0219998359680185,2021-05-02 13:28:12,1970-01-01 00:00:00.000002021,1970-01-01 00:00:00.000000002,1970-01-01 00:00:00.000000005
573.1904907226562,0.8539999723434448,4.017000198364259,2021-05-02 13:52:11,1970-01-01 00:00:00.000002021,1970-01-01 00:00:00.000000002,1970-01-01 00:00:00.000000005
573.1904907226562,0.8539999723434448,4.017000198364259,2021-05-02 13:52:16,1970-01-01 00:00:00.000002021,1970-01-01 00:00:00.000000002,1970-01-01 00:00:00.000000005
596.216796875,0.8539999723434448,4.017000198364259,2021-05-02 14:00:05,1970-01-01 00:00:00.000002021,1970-01-01 00:00:00.000000002,1970-01-01 00:00:00.000000005
596.216796875,0.8539999723434448,4.017000198364259,2021-05-02 14:00:10,1970-01-01 00:00:00.000002021,1970-01-01 00:00:00.000000002,1970-01-01 00:00:00.000000005
596.216796875,0.8539999723434448,4.017000198364259,2021-05-02 14:00:15,1970-01-01 00:00:00.000002021,1970-01-01 00:00:00.000000002,1970-01-01 00:00:00.000000005
596.216796875,0.8539999723434448,4.017000198364259,2021-05-02 14:00:20,1970-01-01 00:00:00.000002021,1970-01-01 00:00:00.000000002,1970-01-01 00:00:00.000000005
3367.59716796875,0.8569999933242798,4.019000053405762,2021-05-02 14:16:06,1970-01-01 00:00:00.000002021,1970-01-01 00:00:00.000000002,1970-01-01 00:00:00.000000005
3367.59716796875,0.8569999933242798,4.019000053405762,2021-05-02 14:16:12,1970-01-01 00:00:00.000002021,1970-01-01 00:00:00.000000002,1970-01-01 00:00:00.000000005
565.7891845703125,0.8560000061988831,4.019000053405762,2021-05-02 14:32:08,1970-01-01 00:00:00.000002021,1970-01-01 00:00:00.000000002,1970-01-01 00:00:00.000000005
565.7891845703125,0.8560000061988831,4.019000053405762,2021-05-02 14:32:13,1970-01-01 00:00:00.000002021,1970-01-01 00:00:00.000000002,1970-01-01 00:00:00.000000005
587.1707763671875,0.8550000190734863,4.017000198364259,2021-05-02 14:40:02,1970-01-01 00:00:00.000002021,1970-01-01 00:00:00.000000002,1970-01-01 00:00:00.000000005
587.1707763671875,0.8550000190734863,4.017000198364259,2021-05-02 14:40:07,1970-01-01 00:00:00.000002021,1970-01-01 00:00:00.000000002,1970-01-01 00:00:00.000000005
570.723388671875,0.8600000143051147,4.0229997634887695,2021-05-02 14:56:01,1970-01-01 00:00:00.000002021,1970-01-01 00:00:00.000000002,1970-01-01 00:00:00.000000005
570.723388671875,0.8600000143051147,4.0229997634887695,2021-05-02 14:56:06,1970-01-01 00:00:00.000002021,1970-01-01 00:00:00.000000002,1970-01-01 00:00:00.000000005
565.7891845703125,0.8519999980926514,4.01800012588501,2021-05-02 15:04:03,1970-01-01 00:00:00.000002021,1970-01-01 00:00:00.000000002,1970-01-01 00:00:00.000000005
565.7891845703125,0.8519999980926514,4.01800012588501,2021-05-02 15:04:08,1970-01-01 00:00:00.000002021,1970-01-01 00:00:00.000000002,1970-01-01 00:00:00.000000005
3367.59716796875,0.8579999804496765,4.019999980926514,2021-05-02 15:12:02,1970-01-01 00:00:00.000002021,1970-01-01 00:00:00.000000002,1970-01-01 00:00:00.000000005
3367.59716796875,0.8579999804496765,4.019999980926514,2021-05-02 15:12:07,1970-01-01 00:00:00.000002021,1970-01-01 00:00:00.000000002,1970-01-01 00:00:00.000000005
3367.59716796875,0.8579999804496765,4.019999980926514,2021-05-02 15:12:12,1970-01-01 00:00:00.000002021,1970-01-01 00:00:00.000000002,1970-01-01 00:00:00.000000005
3367.59716796875,0.8579999804496765,4.019999980926514,2021-05-02 15:12:17,1970-01-01 00:00:00.000002021,1970-01-01 00:00:00.000000002,1970-01-01 00:00:00.000000005
578.9470825195312,0.843999981880188,4.01200008392334,2021-05-02 15:36:01,1970-01-01 00:00:00.000002021,1970-01-01 00:00:00.000000002,1970-01-01 00:00:00.000000005
578.9470825195312,0.843999981880188,4.01200008392334,2021-05-02 15:36:06,1970-01-01 00:00:00.000002021,1970-01-01 00:00:00.000000002,1970-01-01 00:00:00.000000005
590.4602661132812,0.8550000190734863,4.019000053405762,2021-05-02 15:43:59,1970-01-01 00:00:00.000002021,1970-01-01 00:00:00.000000002,1970-01-01 00:00:00.000000005
590.4602661132812,0.8550000190734863,4.019000053405762,2021-05-02 15:44:05,1970-01-01 00:00:00.000002021,1970-01-01 00:00:00.000000002,1970-01-01 00:00:00.000000005
562.499755859375,0.8550000190734863,4.017000198364259,2021-05-02 15:52:02,1970-01-01 00:00:00.000002021,1970-01-01 00:00:00.000000002,1970-01-01 00:00:00.000000005
562.499755859375,0.8550000190734863,4.017000198364259,2021-05-02 15:52:07,1970-01-01 00:00:00.000002021,1970-01-01 00:00:00.000000002,1970-01-01 00:00:00.000000005
2242.59765625,0.8479999899864197,4.014999866485597,2021-05-02 16:15:54,1970-01-01 00:00:00.000002021,1970-01-01 00:00:00.000000002,1970-01-01 00:00:00.000000005
2242.59765625,0.8479999899864197,4.014999866485597,2021-05-02 16:16:00,1970-01-01 00:00:00.000002021,1970-01-01 00:00:00.000000002,1970-01-01 00:00:00.000000005
548.5194702148439,0.8510000109672546,4.0159997940063485,2021-05-02 16:31:53,1970-01-01 00:00:00.000002021,1970-01-01 00:00:00.000000002,1970-01-01 00:00:00.000000005
548.5194702148439,0.8510000109672546,4.0159997940063485,2021-05-02 16:31:58,1970-01-01 00:00:00.000002021,1970-01-01 00:00:00.000000002,1970-01-01 00:00:00.000000005
548.5194702148439,0.8510000109672546,4.0159997940063485,2021-05-02 16:32:03,1970-01-01 00:00:00.000002021,1970-01-01 00:00:00.000000002,1970-01-01 00:00:00.000000005
548.5194702148439,0.8510000109672546,4.0159997940063485,2021-05-02 16:32:08,1970-01-01 00:00:00.000002021,1970-01-01 00:00:00.000000002,1970-01-01 00:00:00.000000005
546.874755859375,0.8450000286102295,4.01200008392334,2021-05-02 16:39:59,1970-01-01 00:00:00.000002021,1970-01-01 00:00:00.000000002,1970-01-01 00:00:00.000000005
546.874755859375,0.8450000286102295,4.01200008392334,2021-05-02 16:40:04,1970-01-01 00:00:00.000002021,1970-01-01 00:00:00.000000002,1970-01-01 00:00:00.000000005
528.7826538085939,0.8529999852180481,4.017000198364259,2021-05-02 17:11:53,1970-01-01 00:00:00.000002021,1970-01-01 00:00:00.000000002,1970-01-01 00:00:00.000000005
528.7826538085939,0.8529999852180481,4.017000198364259,2021-05-02 17:11:58,1970-01-01 00:00:00.000002021,1970-01-01 00:00:00.000000002,1970-01-01 00:00:00.000000005
541.9405517578125,0.8450000286102295,4.013000011444092,2021-05-02 17:27:51,1970-01-01 00:00:00.000002021,1970-01-01 00:00:00.000000002,1970-01-01 00:00:00.000000005
541.9405517578125,0.8450000286102295,4.013000011444092,2021-05-02 17:27:57,1970-01-01 00:00:00.000002021,1970-01-01 00:00:00.000000002,1970-01-01 00:00:00.000000005
550.986572265625,0.8450000286102295,4.013000011444092,2021-05-02 17:51:52,1970-01-01 00:00:00.000002021,1970-01-01 00:00:00.000000002,1970-01-01 00:00:00.000000005
550.986572265625,0.8450000286102295,4.013000011444092,2021-05-02 17:51:58,1970-01-01 00:00:00.000002021,1970-01-01 00:00:00.000000002,1970-01-01 00:00:00.000000005
541.9405517578125,0.8460000157356262,4.013000011444092,2021-05-02 17:59:46,1970-01-01 00:00:00.000002021,1970-01-01 00:00:00.000000002,1970-01-01 00:00:00.000000005
541.9405517578125,0.8460000157356262,4.013000011444092,2021-05-02 17:59:51,1970-01-01 00:00:00.000002021,1970-01-01 00:00:00.000000002,1970-01-01 00:00:00.000000005
565.7891845703125,0.8500000238418579,4.0159997940063485,2021-05-02 18:07:51,1970-01-01 00:00:00.000002021,1970-01-01 00:00:00.000000002,1970-01-01 00:00:00.000000005
565.7891845703125,0.8500000238418579,4.0159997940063485,2021-05-02 18:07:56,1970-01-01 00:00:00.000002021,1970-01-01 00:00:00.000000002,1970-01-01 00:00:00.000000005
545.22998046875,0.8429999947547913,4.01200008392334,2021-05-02 18:23:48,1970-01-01 00:00:00.000002021,1970-01-01 00:00:00.000000002,1970-01-01 00:00:00.000000005
545.22998046875,0.8429999947547913,4.01200008392334,2021-05-02 18:23:53,1970-01-01 00:00:00.000002021,1970-01-01 00:00:00.000000002,1970-01-01 00:00:00.000000005
550.986572265625,0.8489999771118164,4.0159997940063485,2021-05-02 18:31:47,1970-01-01 00:00:00.000002021,1970-01-01 00:00:00.000000002,1970-01-01 00:00:00.000000005
550.986572265625,0.8489999771118164,4.0159997940063485,2021-05-02 18:31:52,1970-01-01 00:00:00.000002021,1970-01-01 00:00:00.000000002,1970-01-01 00:00:00.000000005
540.2957763671875,0.8500000238418579,4.0159997940063485,2021-05-02 18:39:41,1970-01-01 00:00:00.000002021,1970-01-01 00:00:00.000000002,1970-01-01 00:00:00.000000005
540.2957763671875,0.8500000238418579,4.0159997940063485,2021-05-02 18:39:46,1970-01-01 00:00:00.000002021,1970-01-01 00:00:00.000000002,1970-01-01 00:00:00.000000005
514.8023681640625,0.8510000109672546,4.0159997940063485,2021-05-02 18:47:40,1970-01-01 00:00:00.000002021,1970-01-01 00:00:00.000000002,1970-01-01 00:00:00.000000005
514.8023681640625,0.8510000109672546,4.0159997940063485,2021-05-02 18:47:46,1970-01-01 00:00:00.000002021,1970-01-01 00:00:00.000000002,1970-01-01 00:00:00.000000005
518.0918579101561,0.843999981880188,4.01200008392334,2021-05-02 18:55:45,1970-01-01 00:00:00.000002021,1970-01-01 00:00:00.000000002,1970-01-01 00:00:00.000000005
518.0918579101561,0.843999981880188,4.01200008392334,2021-05-02 18:55:51,1970-01-01 00:00:00.000002021,1970-01-01 00:00:00.000000002,1970-01-01 00:00:00.000000005
560.0326538085939,0.8410000205039978,4.011000156402588,2021-05-02 19:03:39,1970-01-01 00:00:00.000002021,1970-01-01 00:00:00.000000002,1970-01-01 00:00:00.000000005
560.0326538085939,0.8410000205039978,4.011000156402588,2021-05-02 19:03:44,1970-01-01 00:00:00.000002021,1970-01-01 00:00:00.000000002,1970-01-01 00:00:00.000000005
560.0326538085939,0.8410000205039978,4.011000156402588,2021-05-02 19:03:49,1970-01-01 00:00:00.000002021,1970-01-01 00:00:00.000000002,1970-01-01 00:00:00.000000005
560.0326538085939,0.8410000205039978,4.011000156402588,2021-05-02 19:03:55,1970-01-01 00:00:00.000002021,1970-01-01 00:00:00.000000002,1970-01-01 00:00:00.000000005
3367.59716796875,0.8489999771118164,4.0159997940063485,2021-05-02 19:35:36,1970-01-01 00:00:00.000002021,1970-01-01 00:00:00.000000002,1970-01-01 00:00:00.000000005
3367.59716796875,0.8489999771118164,4.0159997940063485,2021-05-02 19:35:42,1970-01-01 00:00:00.000002021,1970-01-01 00:00:00.000000002,1970-01-01 00:00:00.000000005
311.677490234375,0.8420000076293945,4.01200008392334,2021-05-02 19:51:42,1970-01-01 00:00:00.000002021,1970-01-01 00:00:00.000000002,1970-01-01 00:00:00.000000005
311.677490234375,0.8420000076293945,4.01200008392334,2021-05-02 19:51:47,1970-01-01 00:00:00.000002021,1970-01-01 00:00:00.000000002,1970-01-01 00:00:00.000000005
301.8090515136719,0.8420000076293945,4.010000228881837,2021-05-02 20:07:41,1970-01-01 00:00:00.000002021,1970-01-01 00:00:00.000000002,1970-01-01 00:00:00.000000005
301.8090515136719,0.8420000076293945,4.010000228881837,2021-05-02 20:07:47,1970-01-01 00:00:00.000002021,1970-01-01 00:00:00.000000002,1970-01-01 00:00:00.000000005
694.07861328125,0.8389999866485596,4.008999824523927,2021-05-02 20:15:34,1970-01-01 00:00:00.000002021,1970-01-01 00:00:00.000000002,1970-01-01 00:00:00.000000005
694.07861328125,0.8389999866485596,4.008999824523927,2021-05-02 20:15:39,1970-01-01 00:00:00.000002021,1970-01-01 00:00:00.000000002,1970-01-01 00:00:00.000000005
3367.59716796875,0.8460000157356262,4.013000011444092,2021-05-02 20:31:39,1970-01-01 00:00:00.000002021,1970-01-01 00:00:00.000000002,1970-01-01 00:00:00.000000005
3367.59716796875,0.8460000157356262,4.013000011444092,2021-05-02 20:31:44,1970-01-01 00:00:00.000002021,1970-01-01 00:00:00.000000002,1970-01-01 00:00:00.000000005
2182.564697265625,0.8389999866485596,4.008999824523927,2021-05-02 21:11:33,1970-01-01 00:00:00.000002021,1970-01-01 00:00:00.000000002,1970-01-01 00:00:00.000000005
2182.564697265625,0.8389999866485596,4.008999824523927,2021-05-02 21:11:38,1970-01-01 00:00:00.000002021,1970-01-01 00:00:00.000000002,1970-01-01 00:00:00.000000005
2182.564697265625,0.8389999866485596,4.008999824523927,2021-05-02 21:11:43,1970-01-01 00:00:00.000002021,1970-01-01 00:00:00.000000002,1970-01-01 00:00:00.000000005
2182.564697265625,0.8389999866485596,4.008999824523927,2021-05-02 21:11:47,1970-01-01 00:00:00.000002021,1970-01-01 00:00:00.000000002,1970-01-01 00:00:00.000000005
2297.6962890625,0.8339999914169312,4.005000114440918,2021-05-02 21:35:29,1970-01-01 00:00:00.000002021,1970-01-01 00:00:00.000000002,1970-01-01 00:00:00.000000005
2297.6962890625,0.8339999914169312,4.005000114440918,2021-05-02 21:35:33,1970-01-01 00:00:00.000002021,1970-01-01 00:00:00.000000002,1970-01-01 00:00:00.000000005
2276.314697265625,0.8360000252723694,4.00600004196167,2021-05-02 21:43:28,1970-01-01 00:00:00.000002021,1970-01-01 00:00:00.000000002,1970-01-01 00:00:00.000000005
2276.314697265625,0.8360000252723694,4.00600004196167,2021-05-02 21:43:32,1970-01-01 00:00:00.000002021,1970-01-01 00:00:00.000000002,1970-01-01 00:00:00.000000005
3367.59716796875,0.8370000123977661,4.007999897003174,2021-05-02 21:59:26,1970-01-01 00:00:00.000002021,1970-01-01 00:00:00.000000002,1970-01-01 00:00:00.000000005
3367.59716796875,0.8370000123977661,4.007999897003174,2021-05-02 21:59:31,1970-01-01 00:00:00.000002021,1970-01-01 00:00:00.000000002,1970-01-01 00:00:00.000000005
3367.59716796875,0.8339999914169312,4.005000114440918,2021-05-02 22:23:31,1970-01-01 00:00:00.000002021,1970-01-01 00:00:00.000000002,1970-01-01 00:00:00.000000005
3367.59716796875,0.8339999914169312,4.005000114440918,2021-05-02 22:23:35,1970-01-01 00:00:00.000002021,1970-01-01 00:00:00.000000002,1970-01-01 00:00:00.000000005
3367.59716796875,0.847000002861023,4.014999866485597,2021-05-02 22:39:30,1970-01-01 00:00:00.000002021,1970-01-01 00:00:00.000000002,1970-01-01 00:00:00.000000005
3367.59716796875,0.847000002861023,4.014999866485597,2021-05-02 22:39:34,1970-01-01 00:00:00.000002021,1970-01-01 00:00:00.000000002,1970-01-01 00:00:00.000000005
3367.59716796875,0.8399999737739563,4.008999824523927,2021-05-02 22:47:30,1970-01-01 00:00:00.000002021,1970-01-01 00:00:00.000000002,1970-01-01 00:00:00.000000005
3367.59716796875,0.8399999737739563,4.008999824523927,2021-05-02 22:47:34,1970-01-01 00:00:00.000002021,1970-01-01 00:00:00.000000002,1970-01-01 00:00:00.000000005
3367.59716796875,0.8379999995231628,4.006999969482422,2021-05-02 23:03:25,1970-01-01 00:00:00.000002021,1970-01-01 00:00:00.000000002,1970-01-01 00:00:00.000000005
3367.59716796875,0.8379999995231628,4.006999969482422,2021-05-02 23:03:30,1970-01-01 00:00:00.000002021,1970-01-01 00:00:00.000000002,1970-01-01 00:00:00.000000005
3367.59716796875,0.8379999995231628,4.006999969482422,2021-05-02 23:03:35,1970-01-01 00:00:00.000002021,1970-01-01 00:00:00.000000002,1970-01-01 00:00:00.000000005
3367.59716796875,0.8379999995231628,4.006999969482422,2021-05-02 23:03:39,1970-01-01 00:00:00.000002021,1970-01-01 00:00:00.000000002,1970-01-01 00:00:00.000000005
3367.59716796875,0.8320000171661377,4.005000114440918,2021-05-02 23:27:23,1970-01-01 00:00:00.000002021,1970-01-01 00:00:00.000000002,1970-01-01 00:00:00.000000005
3367.59716796875,0.8320000171661377,4.005000114440918,2021-05-02 23:27:28,1970-01-01 00:00:00.000002021,1970-01-01 00:00:00.000000002,1970-01-01 00:00:00.000000005
3367.59716796875,0.8309999704360962,4.004000186920166,2021-05-02 23:35:23,1970-01-01 00:00:00.000002021,1970-01-01 00:00:00.000000002,1970-01-01 00:00:00.000000005
3367.59716796875,0.8309999704360962,4.004000186920166,2021-05-02 23:35:27,1970-01-01 00:00:00.000002021,1970-01-01 00:00:00.000000002,1970-01-01 00:00:00.000000005
3367.59716796875,0.8259999752044678,4.001999855041504,2021-05-02 23:43:22,1970-01-01 00:00:00.000002021,1970-01-01 00:00:00.000000002,1970-01-01 00:00:00.000000005
3367.59716796875,0.8259999752044678,4.001999855041504,2021-05-02 23:43:27,1970-01-01 00:00:00.000002021,1970-01-01 00:00:00.000000002,1970-01-01 00:00:00.000000005
3367.59716796875,0.8339999914169312,4.006999969482422,2021-05-02 23:59:21,1970-01-01 00:00:00.000002021,1970-01-01 00:00:00.000000002,1970-01-01 00:00:00.000000005
3367.59716796875,0.8339999914169312,4.006999969482422,2021-05-02 23:59:26,1970-01-01 00:00:00.000002021,1970-01-01 00:00:00.000000002,1970-01-01 00:00:00.000000005
3367.59716796875,0.8360000252723694,4.00600004196167,2021-06-02 00:15:17,1970-01-01 00:00:00.000002021,1970-01-01 00:00:00.000000002,1970-01-01 00:00:00.000000006
3367.59716796875,0.8360000252723694,4.00600004196167,2021-06-02 00:15:21,1970-01-01 00:00:00.000002021,1970-01-01 00:00:00.000000002,1970-01-01 00:00:00.000000006
3367.59716796875,0.8360000252723694,4.00600004196167,2021-06-02 00:15:26,1970-01-01 00:00:00.000002021,1970-01-01 00:00:00.000000002,1970-01-01 00:00:00.000000006
3367.59716796875,0.8360000252723694,4.00600004196167,2021-06-02 00:15:30,1970-01-01 00:00:00.000002021,1970-01-01 00:00:00.000000002,1970-01-01 00:00:00.000000006
3367.59716796875,0.8370000123977661,4.006999969482422,2021-06-02 00:23:19,1970-01-01 00:00:00.000002021,1970-01-01 00:00:00.000000002,1970-01-01 00:00:00.000000006
3367.59716796875,0.8370000123977661,4.006999969482422,2021-06-02 00:23:24,1970-01-01 00:00:00.000002021,1970-01-01 00:00:00.000000002,1970-01-01 00:00:00.000000006
3367.59716796875,0.8370000123977661,4.006999969482422,2021-06-02 00:23:28,1970-01-01 00:00:00.000002021,1970-01-01 00:00:00.000000002,1970-01-01 00:00:00.000000006
3367.59716796875,0.8370000123977661,4.006999969482422,2021-06-02 00:23:33,1970-01-01 00:00:00.000002021,1970-01-01 00:00:00.000000002,1970-01-01 00:00:00.000000006
3367.59716796875,0.8320000171661377,4.004000186920166,2021-06-02 00:39:18,1970-01-01 00:00:00.000002021,1970-01-01 00:00:00.000000002,1970-01-01 00:00:00.000000006
3367.59716796875,0.8320000171661377,4.004000186920166,2021-06-02 00:39:23,1970-01-01 00:00:00.000002021,1970-01-01 00:00:00.000000002,1970-01-01 00:00:00.000000006
3367.59716796875,0.8349999785423279,4.00600004196167,2021-06-02 00:47:17,1970-01-01 00:00:00.000002021,1970-01-01 00:00:00.000000002,1970-01-01 00:00:00.000000006
3367.59716796875,0.8349999785423279,4.00600004196167,2021-06-02 00:47:22,1970-01-01 00:00:00.000002021,1970-01-01 00:00:00.000000002,1970-01-01 00:00:00.000000006
3367.59716796875,0.8330000042915344,4.005000114440918,2021-06-02 00:55:20,1970-01-01 00:00:00.000002021,1970-01-01 00:00:00.000000002,1970-01-01 00:00:00.000000006
3367.59716796875,0.8330000042915344,4.005000114440918,2021-06-02 00:55:25,1970-01-01 00:00:00.000002021,1970-01-01 00:00:00.000000002,1970-01-01 00:00:00.000000006
3367.59716796875,0.8270000219345093,4.001999855041504,2021-06-02 01:03:14,1970-01-01 00:00:00.000002021,1970-01-01 00:00:00.000000002,1970-01-01 00:00:00.000000006
3367.59716796875,0.8270000219345093,4.001999855041504,2021-06-02 01:03:18,1970-01-01 00:00:00.000002021,1970-01-01 00:00:00.000000002,1970-01-01 00:00:00.000000006
3367.59716796875,0.8289999961853027,4.002999782562257,2021-06-02 01:11:19,1970-01-01 00:00:00.000002021,1970-01-01 00:00:00.000000002,1970-01-01 00:00:00.000000006
3367.59716796875,0.8289999961853027,4.002999782562257,2021-06-02 01:11:24,1970-01-01 00:00:00.000002021,1970-01-01 00:00:00.000000002,1970-01-01 00:00:00.000000006
3367.59716796875,0.8289999961853027,4.002999782562257,2021-06-02 01:19:19,1970-01-01 00:00:00.000002021,1970-01-01 00:00:00.000000002,1970-01-01 00:00:00.000000006
3367.59716796875,0.8289999961853027,4.002999782562257,2021-06-02 01:19:24,1970-01-01 00:00:00.000002021,1970-01-01 00:00:00.000000002,1970-01-01 00:00:00.000000006
3367.59716796875,0.8289999961853027,4.001999855041504,2021-06-02 01:35:18,1970-01-01 00:00:00.000002021,1970-01-01 00:00:00.000000002,1970-01-01 00:00:00.000000006
3367.59716796875,0.8289999961853027,4.001999855041504,2021-06-02 01:35:22,1970-01-01 00:00:00.000002021,1970-01-01 00:00:00.000000002,1970-01-01 00:00:00.000000006
3367.59716796875,0.8360000252723694,4.006999969482422,2021-06-02 01:43:17,1970-01-01 00:00:00.000002021,1970-01-01 00:00:00.000000002,1970-01-01 00:00:00.000000006
3367.59716796875,0.8360000252723694,4.006999969482422,2021-06-02 01:43:21,1970-01-01 00:00:00.000002021,1970-01-01 00:00:00.000000002,1970-01-01 00:00:00.000000006
3367.59716796875,0.8330000042915344,4.005000114440918,2021-06-02 02:07:16,1970-01-01 00:00:00.000002021,1970-01-01 00:00:00.000000002,1970-01-01 00:00:00.000000006
3367.59716796875,0.8330000042915344,4.005000114440918,2021-06-02 02:07:20,1970-01-01 00:00:00.000002021,1970-01-01 00:00:00.000000002,1970-01-01 00:00:00.000000006
3367.59716796875,0.8299999833106995,4.002999782562257,2021-06-02 02:15:09,1970-01-01 00:00:00.000002021,1970-01-01 00:00:00.000000002,1970-01-01 00:00:00.000000006
3367.59716796875,0.8299999833106995,4.002999782562257,2021-06-02 02:15:13,1970-01-01 00:00:00.000002021,1970-01-01 00:00:00.000000002,1970-01-01 00:00:00.000000006
3367.59716796875,0.8309999704360962,4.004000186920166,2021-06-02 02:23:14,1970-01-01 00:00:00.000002021,1970-01-01 00:00:00.000000002,1970-01-01 00:00:00.000000006
3367.59716796875,0.8309999704360962,4.004000186920166,2021-06-02 02:23:19,1970-01-01 00:00:00.000002021,1970-01-01 00:00:00.000000002,1970-01-01 00:00:00.000000006
3367.59716796875,0.8330000042915344,4.005000114440918,2021-06-02 02:31:08,1970-01-01 00:00:00.000002021,1970-01-01 00:00:00.000000002,1970-01-01 00:00:00.000000006
3367.59716796875,0.8330000042915344,4.005000114440918,2021-06-02 02:31:13,1970-01-01 00:00:00.000002021,1970-01-01 00:00:00.000000002,1970-01-01 00:00:00.000000006
3367.59716796875,0.8330000042915344,4.005000114440918,2021-06-02 02:31:17,1970-01-01 00:00:00.000002021,1970-01-01 00:00:00.000000002,1970-01-01 00:00:00.000000006
3367.59716796875,0.8330000042915344,4.005000114440918,2021-06-02 02:31:22,1970-01-01 00:00:00.000002021,1970-01-01 00:00:00.000000002,1970-01-01 00:00:00.000000006
3367.59716796875,0.8299999833106995,4.002999782562257,2021-06-02 02:39:14,1970-01-01 00:00:00.000002021,1970-01-01 00:00:00.000000002,1970-01-01 00:00:00.000000006
3367.59716796875,0.8299999833106995,4.002999782562257,2021-06-02 02:39:18,1970-01-01 00:00:00.000002021,1970-01-01 00:00:00.000000002,1970-01-01 00:00:00.000000006
3367.59716796875,0.8289999961853027,4.001999855041504,2021-06-02 03:03:12,1970-01-01 00:00:00.000002021,1970-01-01 00:00:00.000000002,1970-01-01 00:00:00.000000006
3367.59716796875,0.8289999961853027,4.001999855041504,2021-06-02 03:03:16,1970-01-01 00:00:00.000002021,1970-01-01 00:00:00.000000002,1970-01-01 00:00:00.000000006
3367.59716796875,0.8230000138282776,3.999000072479248,2021-06-02 04:15:03,1970-01-01 00:00:00.000002021,1970-01-01 00:00:00.000000002,1970-01-01 00:00:00.000000006
3367.59716796875,0.8230000138282776,3.999000072479248,2021-06-02 04:15:07,1970-01-01 00:00:00.000002021,1970-01-01 00:00:00.000000002,1970-01-01 00:00:00.000000006
3367.59716796875,0.8230000138282776,3.997999906539917,2021-06-02 04:23:05,1970-01-01 00:00:00.000002021,1970-01-01 00:00:00.000000002,1970-01-01 00:00:00.000000006
3367.59716796875,0.8230000138282776,3.997999906539917,2021-06-02 04:23:10,1970-01-01 00:00:00.000002021,1970-01-01 00:00:00.000000002,1970-01-01 00:00:00.000000006
3367.59716796875,0.8280000090599059,4.000999927520752,2021-06-02 04:30:58,1970-01-01 00:00:00.000002021,1970-01-01 00:00:00.000000002,1970-01-01 00:00:00.000000006
3367.59716796875,0.8280000090599059,4.000999927520752,2021-06-02 04:31:03,1970-01-01 00:00:00.000002021,1970-01-01 00:00:00.000000002,1970-01-01 00:00:00.000000006
3367.59716796875,0.8240000009536743,4.0,2021-06-02 04:39:00,1970-01-01 00:00:00.000002021,1970-01-01 00:00:00.000000002,1970-01-01 00:00:00.000000006
3367.59716796875,0.8240000009536743,4.0,2021-06-02 04:39:05,1970-01-01 00:00:00.000002021,1970-01-01 00:00:00.000000002,1970-01-01 00:00:00.000000006
3367.59716796875,0.8249999880790709,4.001999855041504,2021-06-02 04:47:00,1970-01-01 00:00:00.000002021,1970-01-01 00:00:00.000000002,1970-01-01 00:00:00.000000006
3367.59716796875,0.8249999880790709,4.001999855041504,2021-06-02 04:47:05,1970-01-01 00:00:00.000002021,1970-01-01 00:00:00.000000002,1970-01-01 00:00:00.000000006
3367.59716796875,0.8299999833106995,4.004000186920166,2021-06-02 05:02:56,1970-01-01 00:00:00.000002021,1970-01-01 00:00:00.000000002,1970-01-01 00:00:00.000000006
3367.59716796875,0.8299999833106995,4.004000186920166,2021-06-02 05:03:00,1970-01-01 00:00:00.000002021,1970-01-01 00:00:00.000000002,1970-01-01 00:00:00.000000006
3367.59716796875,0.8259999752044678,4.001999855041504,2021-06-02 05:11:01,1970-01-01 00:00:00.000002021,1970-01-01 00:00:00.000000002,1970-01-01 00:00:00.000000006
3367.59716796875,0.8259999752044678,4.001999855041504,2021-06-02 05:11:06,1970-01-01 00:00:00.000002021,1970-01-01 00:00:00.000000002,1970-01-01 00:00:00.000000006
3367.59716796875,0.8230000138282776,3.999000072479248,2021-06-02 05:26:57,1970-01-01 00:00:00.000002021,1970-01-01 00:00:00.000000002,1970-01-01 00:00:00.000000006
3367.59716796875,0.8230000138282776,3.999000072479248,2021-06-02 05:27:01,1970-01-01 00:00:00.000002021,1970-01-01 00:00:00.000000002,1970-01-01 00:00:00.000000006
3367.59716796875,0.8180000185966492,3.994999885559082,2021-06-02 05:34:59,1970-01-01 00:00:00.000002021,1970-01-01 00:00:00.000000002,1970-01-01 00:00:00.000000006
3367.59716796875,0.8180000185966492,3.994999885559082,2021-06-02 05:35:04,1970-01-01 00:00:00.000002021,1970-01-01 00:00:00.000000002,1970-01-01 00:00:00.000000006
3367.59716796875,0.8280000090599059,4.001999855041504,2021-06-02 05:42:53,1970-01-01 00:00:00.000002021,1970-01-01 00:00:00.000000002,1970-01-01 00:00:00.000000006
3367.59716796875,0.8280000090599059,4.001999855041504,2021-06-02 05:42:57,1970-01-01 00:00:00.000002021,1970-01-01 00:00:00.000000002,1970-01-01 00:00:00.000000006
3367.59716796875,0.8259999752044678,4.001999855041504,2021-06-02 05:50:55,1970-01-01 00:00:00.000002021,1970-01-01 00:00:00.000000002,1970-01-01 00:00:00.000000006
3367.59716796875,0.8259999752044678,4.001999855041504,2021-06-02 05:51:00,1970-01-01 00:00:00.000002021,1970-01-01 00:00:00.000000002,1970-01-01 00:00:00.000000006
3367.59716796875,0.8280000090599059,4.001999855041504,2021-06-02 05:58:54,1970-01-01 00:00:00.000002021,1970-01-01 00:00:00.000000002,1970-01-01 00:00:00.000000006
3367.59716796875,0.8280000090599059,4.001999855041504,2021-06-02 05:58:59,1970-01-01 00:00:00.000002021,1970-01-01 00:00:00.000000002,1970-01-01 00:00:00.000000006
3367.59716796875,0.8280000090599059,4.001999855041504,2021-06-02 05:59:04,1970-01-01 00:00:00.000002021,1970-01-01 00:00:00.000000002,1970-01-01 00:00:00.000000006
3367.59716796875,0.8280000090599059,4.001999855041504,2021-06-02 05:59:08,1970-01-01 00:00:00.000002021,1970-01-01 00:00:00.000000002,1970-01-01 00:00:00.000000006
3367.59716796875,0.8190000057220459,3.996999979019165,2021-06-02 06:06:57,1970-01-01 00:00:00.000002021,1970-01-01 00:00:00.000000002,1970-01-01 00:00:00.000000006
3367.59716796875,0.8190000057220459,3.996999979019165,2021-06-02 06:07:02,1970-01-01 00:00:00.000002021,1970-01-01 00:00:00.000000002,1970-01-01 00:00:00.000000006
3367.59716796875,0.8209999799728394,3.996999979019165,2021-06-02 06:14:50,1970-01-01 00:00:00.000002021,1970-01-01 00:00:00.000000002,1970-01-01 00:00:00.000000006
3367.59716796875,0.8209999799728394,3.996999979019165,2021-06-02 06:14:55,1970-01-01 00:00:00.000002021,1970-01-01 00:00:00.000000002,1970-01-01 00:00:00.000000006
3367.59716796875,0.8240000009536743,4.0,2021-06-02 06:22:49,1970-01-01 00:00:00.000002021,1970-01-01 00:00:00.000000002,1970-01-01 00:00:00.000000006
3367.59716796875,0.8240000009536743,4.0,2021-06-02 06:22:54,1970-01-01 00:00:00.000002021,1970-01-01 00:00:00.000000002,1970-01-01 00:00:00.000000006
3367.59716796875,0.8240000009536743,4.0,2021-06-02 06:30:49,1970-01-01 00:00:00.000002021,1970-01-01 00:00:00.000000002,1970-01-01 00:00:00.000000006
3367.59716796875,0.8240000009536743,4.0,2021-06-02 06:30:54,1970-01-01 00:00:00.000002021,1970-01-01 00:00:00.000000002,1970-01-01 00:00:00.000000006
3367.59716796875,0.8249999880790709,4.001999855041504,2021-06-02 06:46:51,1970-01-01 00:00:00.000002021,1970-01-01 00:00:00.000000002,1970-01-01 00:00:00.000000006
3367.59716796875,0.8249999880790709,4.001999855041504,2021-06-02 06:46:55,1970-01-01 00:00:00.000002021,1970-01-01 00:00:00.000000002,1970-01-01 00:00:00.000000006
3367.59716796875,0.8249999880790709,4.001999855041504,2021-06-02 06:47:00,1970-01-01 00:00:00.000002021,1970-01-01 00:00:00.000000002,1970-01-01 00:00:00.000000006
3367.59716796875,0.8249999880790709,4.001999855041504,2021-06-02 06:47:05,1970-01-01 00:00:00.000002021,1970-01-01 00:00:00.000000002,1970-01-01 00:00:00.000000006
3367.59716796875,0.8220000267028809,3.999000072479248,2021-06-02 06:54:47,1970-01-01 00:00:00.000002021,1970-01-01 00:00:00.000000002,1970-01-01 00:00:00.000000006
3367.59716796875,0.8220000267028809,3.999000072479248,2021-06-02 06:54:52,1970-01-01 00:00:00.000002021,1970-01-01 00:00:00.000000002,1970-01-01 00:00:00.000000006
3367.59716796875,0.8220000267028809,3.999000072479248,2021-06-02 06:54:56,1970-01-01 00:00:00.000002021,1970-01-01 00:00:00.000000002,1970-01-01 00:00:00.000000006
3367.59716796875,0.8220000267028809,3.999000072479248,2021-06-02 06:55:01,1970-01-01 00:00:00.000002021,1970-01-01 00:00:00.000000002,1970-01-01 00:00:00.000000006
3367.59716796875,0.8249999880790709,4.0,2021-06-02 07:02:47,1970-01-01 00:00:00.000002021,1970-01-01 00:00:00.000000002,1970-01-01 00:00:00.000000006
3367.59716796875,0.8249999880790709,4.0,2021-06-02 07:02:51,1970-01-01 00:00:00.000002021,1970-01-01 00:00:00.000000002,1970-01-01 00:00:00.000000006
3367.59716796875,0.8270000219345093,4.0,2021-06-02 07:18:51,1970-01-01 00:00:00.000002021,1970-01-01 00:00:00.000000002,1970-01-01 00:00:00.000000006
3367.59716796875,0.8270000219345093,4.0,2021-06-02 07:18:56,1970-01-01 00:00:00.000002021,1970-01-01 00:00:00.000000002,1970-01-01 00:00:00.000000006
3367.59716796875,0.8140000104904175,3.993000030517578,2021-06-02 07:34:47,1970-01-01 00:00:00.000002021,1970-01-01 00:00:00.000000002,1970-01-01 00:00:00.000000006
3367.59716796875,0.8140000104904175,3.993000030517578,2021-06-02 07:34:52,1970-01-01 00:00:00.000002021,1970-01-01 00:00:00.000000002,1970-01-01 00:00:00.000000006
3367.59716796875,0.8180000185966492,3.996000051498413,2021-06-02 07:42:50,1970-01-01 00:00:00.000002021,1970-01-01 00:00:00.000000002,1970-01-01 00:00:00.000000006
3367.59716796875,0.8180000185966492,3.996000051498413,2021-06-02 07:42:54,1970-01-01 00:00:00.000002021,1970-01-01 00:00:00.000000002,1970-01-01 00:00:00.000000006
3367.59716796875,0.8100000023841858,3.990999937057495,2021-06-02 08:06:45,1970-01-01 00:00:00.000002021,1970-01-01 00:00:00.000000002,1970-01-01 00:00:00.000000006
3367.59716796875,0.8100000023841858,3.990999937057495,2021-06-02 08:06:50,1970-01-01 00:00:00.000002021,1970-01-01 00:00:00.000000002,1970-01-01 00:00:00.000000006
3367.59716796875,0.8220000267028809,3.997999906539917,2021-06-02 08:22:41,1970-01-01 00:00:00.000002021,1970-01-01 00:00:00.000000002,1970-01-01 00:00:00.000000006
3367.59716796875,0.8220000267028809,3.997999906539917,2021-06-02 08:22:45,1970-01-01 00:00:00.000002021,1970-01-01 00:00:00.000000002,1970-01-01 00:00:00.000000006
3367.59716796875,0.8220000267028809,3.997999906539917,2021-06-02 09:02:41,1970-01-01 00:00:00.000002021,1970-01-01 00:00:00.000000002,1970-01-01 00:00:00.000000006
3367.59716796875,0.8220000267028809,3.997999906539917,2021-06-02 09:02:45,1970-01-01 00:00:00.000002021,1970-01-01 00:00:00.000000002,1970-01-01 00:00:00.000000006
3367.59716796875,0.8169999718666077,3.994999885559082,2021-06-02 09:18:39,1970-01-01 00:00:00.000002021,1970-01-01 00:00:00.000000002,1970-01-01 00:00:00.000000006
3367.59716796875,0.8169999718666077,3.994999885559082,2021-06-02 09:18:44,1970-01-01 00:00:00.000002021,1970-01-01 00:00:00.000000002,1970-01-01 00:00:00.000000006
3367.59716796875,0.8169999718666077,3.994999885559082,2021-06-02 09:18:49,1970-01-01 00:00:00.000002021,1970-01-01 00:00:00.000000002,1970-01-01 00:00:00.000000006
3367.59716796875,0.8169999718666077,3.994999885559082,2021-06-02 09:18:53,1970-01-01 00:00:00.000002021,1970-01-01 00:00:00.000000002,1970-01-01 00:00:00.000000006
1699.834716796875,0.8130000233650208,3.993000030517578,2021-06-02 10:06:36,1970-01-01 00:00:00.000002021,1970-01-01 00:00:00.000000002,1970-01-01 00:00:00.000000006
1699.834716796875,0.8130000233650208,3.993000030517578,2021-06-02 10:06:42,1970-01-01 00:00:00.000002021,1970-01-01 00:00:00.000000002,1970-01-01 00:00:00.000000006
1699.834716796875,0.8130000233650208,3.993000030517578,2021-06-02 10:06:48,1970-01-01 00:00:00.000002021,1970-01-01 00:00:00.000000002,1970-01-01 00:00:00.000000006
1699.834716796875,0.8130000233650208,3.993000030517578,2021-06-02 10:06:54,1970-01-01 00:00:00.000002021,1970-01-01 00:00:00.000000002,1970-01-01 00:00:00.000000006
3367.59716796875,0.8119999766349792,3.992000102996826,2021-06-02 10:22:38,1970-01-01 00:00:00.000002021,1970-01-01 00:00:00.000000002,1970-01-01 00:00:00.000000006
3367.59716796875,0.8119999766349792,3.992000102996826,2021-06-02 10:22:44,1970-01-01 00:00:00.000002021,1970-01-01 00:00:00.000000002,1970-01-01 00:00:00.000000006
3367.59716796875,0.8140000104904175,3.99399995803833,2021-06-02 10:30:32,1970-01-01 00:00:00.000002021,1970-01-01 00:00:00.000000002,1970-01-01 00:00:00.000000006
3367.59716796875,0.8140000104904175,3.99399995803833,2021-06-02 10:30:37,1970-01-01 00:00:00.000002021,1970-01-01 00:00:00.000000002,1970-01-01 00:00:00.000000006
3367.59716796875,0.8149999976158142,3.99399995803833,2021-06-02 10:46:37,1970-01-01 00:00:00.000002021,1970-01-01 00:00:00.000000002,1970-01-01 00:00:00.000000006
3367.59716796875,0.8149999976158142,3.99399995803833,2021-06-02 10:46:42,1970-01-01 00:00:00.000002021,1970-01-01 00:00:00.000000002,1970-01-01 00:00:00.000000006
3367.59716796875,0.8149999976158142,3.99399995803833,2021-06-02 10:54:30,1970-01-01 00:00:00.000002021,1970-01-01 00:00:00.000000002,1970-01-01 00:00:00.000000006
3367.59716796875,0.8149999976158142,3.99399995803833,2021-06-02 10:54:35,1970-01-01 00:00:00.000002021,1970-01-01 00:00:00.000000002,1970-01-01 00:00:00.000000006
3367.59716796875,0.8149999976158142,3.99399995803833,2021-06-02 11:02:32,1970-01-01 00:00:00.000002021,1970-01-01 00:00:00.000000002,1970-01-01 00:00:00.000000006
3367.59716796875,0.8149999976158142,3.99399995803833,2021-06-02 11:02:38,1970-01-01 00:00:00.000002021,1970-01-01 00:00:00.000000002,1970-01-01 00:00:00.000000006
3367.59716796875,0.8130000233650208,3.993000030517578,2021-06-02 11:10:35,1970-01-01 00:00:00.000002021,1970-01-01 00:00:00.000000002,1970-01-01 00:00:00.000000006
3367.59716796875,0.8130000233650208,3.993000030517578,2021-06-02 11:10:41,1970-01-01 00:00:00.000002021,1970-01-01 00:00:00.000000002,1970-01-01 00:00:00.000000006
3367.59716796875,0.8090000152587891,3.990999937057495,2021-06-02 11:34:30,1970-01-01 00:00:00.000002021,1970-01-01 00:00:00.000000002,1970-01-01 00:00:00.000000006
3367.59716796875,0.8090000152587891,3.990999937057495,2021-06-02 11:34:36,1970-01-01 00:00:00.000002021,1970-01-01 00:00:00.000000002,1970-01-01 00:00:00.000000006
3367.59716796875,0.8090000152587891,3.990999937057495,2021-06-02 11:34:41,1970-01-01 00:00:00.000002021,1970-01-01 00:00:00.000000002,1970-01-01 00:00:00.000000006
3367.59716796875,0.8090000152587891,3.990999937057495,2021-06-02 11:34:47,1970-01-01 00:00:00.000002021,1970-01-01 00:00:00.000000002,1970-01-01 00:00:00.000000006
3367.59716796875,0.8149999976158142,3.994999885559082,2021-06-02 11:42:27,1970-01-01 00:00:00.000002021,1970-01-01 00:00:00.000000002,1970-01-01 00:00:00.000000006
3367.59716796875,0.8149999976158142,3.994999885559082,2021-06-02 11:42:33,1970-01-01 00:00:00.000002021,1970-01-01 00:00:00.000000002,1970-01-01 00:00:00.000000006
3367.59716796875,0.8149999976158142,3.99399995803833,2021-06-02 11:50:26,1970-01-01 00:00:00.000002021,1970-01-01 00:00:00.000000002,1970-01-01 00:00:00.000000006
3367.59716796875,0.8149999976158142,3.99399995803833,2021-06-02 11:50:32,1970-01-01 00:00:00.000002021,1970-01-01 00:00:00.000000002,1970-01-01 00:00:00.000000006
3367.59716796875,0.8130000233650208,3.993000030517578,2021-06-02 11:58:26,1970-01-01 00:00:00.000002021,1970-01-01 00:00:00.000000002,1970-01-01 00:00:00.000000006
3367.59716796875,0.8130000233650208,3.993000030517578,2021-06-02 11:58:32,1970-01-01 00:00:00.000002021,1970-01-01 00:00:00.000000002,1970-01-01 00:00:00.000000006
3367.59716796875,0.8130000233650208,3.993000030517578,2021-06-02 12:06:32,1970-01-01 00:00:00.000002021,1970-01-01 00:00:00.000000002,1970-01-01 00:00:00.000000006
3367.59716796875,0.8130000233650208,3.993000030517578,2021-06-02 12:06:37,1970-01-01 00:00:00.000002021,1970-01-01 00:00:00.000000002,1970-01-01 00:00:00.000000006
3367.59716796875,0.8230000138282776,4.0,2021-06-02 12:14:31,1970-01-01 00:00:00.000002021,1970-01-01 00:00:00.000000002,1970-01-01 00:00:00.000000006
3367.59716796875,0.8230000138282776,4.0,2021-06-02 12:14:37,1970-01-01 00:00:00.000002021,1970-01-01 00:00:00.000000002,1970-01-01 00:00:00.000000006
3367.59716796875,0.8190000057220459,3.996000051498413,2021-06-02 12:38:24,1970-01-01 00:00:00.000002021,1970-01-01 00:00:00.000000002,1970-01-01 00:00:00.000000006
3367.59716796875,0.8190000057220459,3.996000051498413,2021-06-02 12:38:29,1970-01-01 00:00:00.000002021,1970-01-01 00:00:00.000000002,1970-01-01 00:00:00.000000006
3367.59716796875,0.8100000023841858,3.990999937057495,2021-06-02 12:46:23,1970-01-01 00:00:00.000002021,1970-01-01 00:00:00.000000002,1970-01-01 00:00:00.000000006
3367.59716796875,0.8100000023841858,3.990999937057495,2021-06-02 12:46:28,1970-01-01 00:00:00.000002021,1970-01-01 00:00:00.000000002,1970-01-01 00:00:00.000000006
3367.59716796875,0.8080000281333923,3.990999937057495,2021-06-02 12:54:25,1970-01-01 00:00:00.000002021,1970-01-01 00:00:00.000000002,1970-01-01 00:00:00.000000006
3367.59716796875,0.8080000281333923,3.990999937057495,2021-06-02 12:54:31,1970-01-01 00:00:00.000002021,1970-01-01 00:00:00.000000002,1970-01-01 00:00:00.000000006
3367.59716796875,0.8100000023841858,3.992000102996826,2021-06-02 13:10:24,1970-01-01 00:00:00.000002021,1970-01-01 00:00:00.000000002,1970-01-01 00:00:00.000000006
3367.59716796875,0.8100000023841858,3.992000102996826,2021-06-02 13:10:30,1970-01-01 00:00:00.000002021,1970-01-01 00:00:00.000000002,1970-01-01 00:00:00.000000006
3367.59716796875,0.8119999766349792,3.993000030517578,2021-06-02 13:18:27,1970-01-01 00:00:00.000002021,1970-01-01 00:00:00.000000002,1970-01-01 00:00:00.000000006
3367.59716796875,0.8119999766349792,3.993000030517578,2021-06-02 13:18:32,1970-01-01 00:00:00.000002021,1970-01-01 00:00:00.000000002,1970-01-01 00:00:00.000000006
3367.59716796875,0.8100000023841858,3.992000102996826,2021-06-02 13:34:25,1970-01-01 00:00:00.000002021,1970-01-01 00:00:00.000000002,1970-01-01 00:00:00.000000006
3367.59716796875,0.8100000023841858,3.992000102996826,2021-06-02 13:34:31,1970-01-01 00:00:00.000002021,1970-01-01 00:00:00.000000002,1970-01-01 00:00:00.000000006
3367.59716796875,0.8119999766349792,3.993000030517578,2021-06-02 13:42:19,1970-01-01 00:00:00.000002021,1970-01-01 00:00:00.000000002,1970-01-01 00:00:00.000000006
3367.59716796875,0.8119999766349792,3.993000030517578,2021-06-02 13:42:25,1970-01-01 00:00:00.000002021,1970-01-01 00:00:00.000000002,1970-01-01 00:00:00.000000006
3367.59716796875,0.8159999847412109,3.994999885559082,2021-06-02 14:06:17,1970-01-01 00:00:00.000002021,1970-01-01 00:00:00.000000002,1970-01-01 00:00:00.000000006
3367.59716796875,0.8159999847412109,3.994999885559082,2021-06-02 14:06:23,1970-01-01 00:00:00.000002021,1970-01-01 00:00:00.000000002,1970-01-01 00:00:00.000000006
3367.59716796875,0.8190000057220459,3.996000051498413,2021-06-02 14:22:16,1970-01-01 00:00:00.000002021,1970-01-01 00:00:00.000000002,1970-01-01 00:00:00.000000006
3367.59716796875,0.8190000057220459,3.996000051498413,2021-06-02 14:22:21,1970-01-01 00:00:00.000002021,1970-01-01 00:00:00.000000002,1970-01-01 00:00:00.000000006
3367.59716796875,0.8059999942779541,3.989000082015991,2021-06-02 14:38:15,1970-01-01 00:00:00.000002021,1970-01-01 00:00:00.000000002,1970-01-01 00:00:00.000000006
3367.59716796875,0.8059999942779541,3.989000082015991,2021-06-02 14:38:21,1970-01-01 00:00:00.000002021,1970-01-01 00:00:00.000000002,1970-01-01 00:00:00.000000006
3367.59716796875,0.8019999861717224,3.9860000610351562,2021-06-02 15:02:20,1970-01-01 00:00:00.000002021,1970-01-01 00:00:00.000000002,1970-01-01 00:00:00.000000006
3367.59716796875,0.8019999861717224,3.986000061035156,2021-06-02 15:02:25,1970-01-01 00:00:00.000002021,1970-01-01 00:00:00.000000002,1970-01-01 00:00:00.000000006
3367.59716796875,0.8109999895095825,3.990999937057495,2021-06-02 15:10:13,1970-01-01 00:00:00.000002021,1970-01-01 00:00:00.000000002,1970-01-01 00:00:00.000000006
3367.59716796875,0.8109999895095825,3.990999937057495,2021-06-02 15:10:18,1970-01-01 00:00:00.000002021,1970-01-01 00:00:00.000000002,1970-01-01 00:00:00.000000006
2215.45947265625,0.8090000152587891,3.990999937057495,2021-06-02 15:18:15,1970-01-01 00:00:00.000002021,1970-01-01 00:00:00.000000002,1970-01-01 00:00:00.000000006
2215.45947265625,0.8090000152587891,3.990999937057495,2021-06-02 15:18:21,1970-01-01 00:00:00.000002021,1970-01-01 00:00:00.000000002,1970-01-01 00:00:00.000000006
3367.59716796875,0.8050000071525574,3.989000082015991,2021-06-02 15:26:15,1970-01-01 00:00:00.000002021,1970-01-01 00:00:00.000000002,1970-01-01 00:00:00.000000006
3367.59716796875,0.8050000071525574,3.989000082015991,2021-06-02 15:26:19,1970-01-01 00:00:00.000002021,1970-01-01 00:00:00.000000002,1970-01-01 00:00:00.000000006
3367.59716796875,0.8059999942779541,3.98799991607666,2021-06-02 15:34:17,1970-01-01 00:00:00.000002021,1970-01-01 00:00:00.000000002,1970-01-01 00:00:00.000000006
3367.59716796875,0.8059999942779541,3.98799991607666,2021-06-02 15:34:22,1970-01-01 00:00:00.000002021,1970-01-01 00:00:00.000000002,1970-01-01 00:00:00.000000006
3367.59716796875,0.8090000152587891,3.990000009536743,2021-06-02 15:58:10,1970-01-01 00:00:00.000002021,1970-01-01 00:00:00.000000002,1970-01-01 00:00:00.000000006
3367.59716796875,0.8090000152587891,3.990000009536743,2021-06-02 15:58:14,1970-01-01 00:00:00.000002021,1970-01-01 00:00:00.000000002,1970-01-01 00:00:00.000000006
3367.59716796875,0.8090000152587891,3.990000009536743,2021-06-02 15:58:19,1970-01-01 00:00:00.000002021,1970-01-01 00:00:00.000000002,1970-01-01 00:00:00.000000006
3367.59716796875,0.8090000152587891,3.990000009536743,2021-06-02 15:58:24,1970-01-01 00:00:00.000002021,1970-01-01 00:00:00.000000002,1970-01-01 00:00:00.000000006
3367.59716796875,0.8140000104904175,3.99399995803833,2021-06-02 16:06:09,1970-01-01 00:00:00.000002021,1970-01-01 00:00:00.000000002,1970-01-01 00:00:00.000000006
3367.59716796875,0.8140000104904175,3.99399995803833,2021-06-02 16:06:14,1970-01-01 00:00:00.000002021,1970-01-01 00:00:00.000000002,1970-01-01 00:00:00.000000006
3367.59716796875,0.8029999732971191,3.98799991607666,2021-06-02 16:30:11,1970-01-01 00:00:00.000002021,1970-01-01 00:00:00.000000002,1970-01-01 00:00:00.000000006
3367.59716796875,0.8029999732971191,3.98799991607666,2021-06-02 16:30:15,1970-01-01 00:00:00.000002021,1970-01-01 00:00:00.000000002,1970-01-01 00:00:00.000000006
3367.59716796875,0.8040000200271606,3.986999988555908,2021-06-02 16:38:13,1970-01-01 00:00:00.000002021,1970-01-01 00:00:00.000000002,1970-01-01 00:00:00.000000006
3367.59716796875,0.8040000200271606,3.986999988555908,2021-06-02 16:38:18,1970-01-01 00:00:00.000002021,1970-01-01 00:00:00.000000002,1970-01-01 00:00:00.000000006
3367.59716796875,0.7990000247955322,3.9839999675750732,2021-06-02 17:02:09,1970-01-01 00:00:00.000002021,1970-01-01 00:00:00.000000002,1970-01-01 00:00:00.000000006
3367.59716796875,0.7990000247955322,3.983999967575073,2021-06-02 17:02:14,1970-01-01 00:00:00.000002021,1970-01-01 00:00:00.000000002,1970-01-01 00:00:00.000000006
3367.59716796875,0.8040000200271606,3.986999988555908,2021-06-02 17:18:11,1970-01-01 00:00:00.000002021,1970-01-01 00:00:00.000000002,1970-01-01 00:00:00.000000006
3367.59716796875,0.8040000200271606,3.986999988555908,2021-06-02 17:18:15,1970-01-01 00:00:00.000002021,1970-01-01 00:00:00.000000002,1970-01-01 00:00:00.000000006
3367.59716796875,0.8040000200271606,3.986999988555908,2021-06-02 17:26:10,1970-01-01 00:00:00.000002021,1970-01-01 00:00:00.000000002,1970-01-01 00:00:00.000000006
3367.59716796875,0.8040000200271606,3.986999988555908,2021-06-02 17:26:15,1970-01-01 00:00:00.000002021,1970-01-01 00:00:00.000000002,1970-01-01 00:00:00.000000006
3367.59716796875,0.8029999732971191,3.986999988555908,2021-06-02 17:50:02,1970-01-01 00:00:00.000002021,1970-01-01 00:00:00.000000002,1970-01-01 00:00:00.000000006
3367.59716796875,0.8029999732971191,3.986999988555908,2021-06-02 17:50:06,1970-01-01 00:00:00.000002021,1970-01-01 00:00:00.000000002,1970-01-01 00:00:00.000000006
3367.59716796875,0.8019999861717224,3.9860000610351562,2021-06-02 17:58:01,1970-01-01 00:00:00.000002021,1970-01-01 00:00:00.000000002,1970-01-01 00:00:00.000000006
3367.59716796875,0.8019999861717224,3.986000061035156,2021-06-02 17:58:06,1970-01-01 00:00:00.000002021,1970-01-01 00:00:00.000000002,1970-01-01 00:00:00.000000006
3367.59716796875,0.7990000247955322,3.9839999675750732,2021-06-02 18:06:04,1970-01-01 00:00:00.000002021,1970-01-01 00:00:00.000000002,1970-01-01 00:00:00.000000006
3367.59716796875,0.7990000247955322,3.983999967575073,2021-06-02 18:06:08,1970-01-01 00:00:00.000002021,1970-01-01 00:00:00.000000002,1970-01-01 00:00:00.000000006
3367.59716796875,0.7990000247955322,3.9839999675750732,2021-06-02 18:06:13,1970-01-01 00:00:00.000002021,1970-01-01 00:00:00.000000002,1970-01-01 00:00:00.000000006
3367.59716796875,0.7990000247955322,3.983999967575073,2021-06-02 18:06:18,1970-01-01 00:00:00.000002021,1970-01-01 00:00:00.000000002,1970-01-01 00:00:00.000000006
3367.59716796875,0.8029999732971191,3.986999988555908,2021-06-02 18:14:00,1970-01-01 00:00:00.000002021,1970-01-01 00:00:00.000000002,1970-01-01 00:00:00.000000006
3367.59716796875,0.8029999732971191,3.986999988555908,2021-06-02 18:14:05,1970-01-01 00:00:00.000002021,1970-01-01 00:00:00.000000002,1970-01-01 00:00:00.000000006
3367.59716796875,0.8040000200271606,3.986999988555908,2021-06-02 18:21:58,1970-01-01 00:00:00.000002021,1970-01-01 00:00:00.000000002,1970-01-01 00:00:00.000000006
3367.59716796875,0.8040000200271606,3.986999988555908,2021-06-02 18:22:03,1970-01-01 00:00:00.000002021,1970-01-01 00:00:00.000000002,1970-01-01 00:00:00.000000006
3367.59716796875,0.8040000200271606,3.986999988555908,2021-06-02 18:22:08,1970-01-01 00:00:00.000002021,1970-01-01 00:00:00.000000002,1970-01-01 00:00:00.000000006
3367.59716796875,0.8040000200271606,3.986999988555908,2021-06-02 18:22:12,1970-01-01 00:00:00.000002021,1970-01-01 00:00:00.000000002,1970-01-01 00:00:00.000000006
3367.59716796875,0.8059999942779541,3.98799991607666,2021-06-02 18:30:04,1970-01-01 00:00:00.000002021,1970-01-01 00:00:00.000000002,1970-01-01 00:00:00.000000006
3367.59716796875,0.8059999942779541,3.98799991607666,2021-06-02 18:30:09,1970-01-01 00:00:00.000002021,1970-01-01 00:00:00.000000002,1970-01-01 00:00:00.000000006
3367.59716796875,0.8000000119209291,3.9839999675750732,2021-06-02 18:38:03,1970-01-01 00:00:00.000002021,1970-01-01 00:00:00.000000002,1970-01-01 00:00:00.000000006
3367.59716796875,0.8000000119209291,3.983999967575073,2021-06-02 18:38:08,1970-01-01 00:00:00.000002021,1970-01-01 00:00:00.000000002,1970-01-01 00:00:00.000000006
3367.59716796875,0.8019999861717224,3.9860000610351562,2021-06-02 19:01:55,1970-01-01 00:00:00.000002021,1970-01-01 00:00:00.000000002,1970-01-01 00:00:00.000000006
3367.59716796875,0.8019999861717224,3.986000061035156,2021-06-02 19:02:00,1970-01-01 00:00:00.000002021,1970-01-01 00:00:00.000000002,1970-01-01 00:00:00.000000006
3367.59716796875,0.8009999990463257,3.9860000610351562,2021-06-02 19:09:55,1970-01-01 00:00:00.000002021,1970-01-01 00:00:00.000000002,1970-01-01 00:00:00.000000006
3367.59716796875,0.8009999990463257,3.986000061035156,2021-06-02 19:10:00,1970-01-01 00:00:00.000002021,1970-01-01 00:00:00.000000002,1970-01-01 00:00:00.000000006
3367.59716796875,0.8009999990463257,3.9860000610351562,2021-06-02 19:10:04,1970-01-01 00:00:00.000002021,1970-01-01 00:00:00.000000002,1970-01-01 00:00:00.000000006
3367.59716796875,0.8009999990463257,3.986000061035156,2021-06-02 19:10:09,1970-01-01 00:00:00.000002021,1970-01-01 00:00:00.000000002,1970-01-01 00:00:00.000000006
3367.59716796875,0.8009999990463257,3.9860000610351562,2021-06-02 19:10:14,1970-01-01 00:00:00.000002021,1970-01-01 00:00:00.000000002,1970-01-01 00:00:00.000000006
3367.59716796875,0.8009999990463257,3.986000061035156,2021-06-02 19:10:18,1970-01-01 00:00:00.000002021,1970-01-01 00:00:00.000000002,1970-01-01 00:00:00.000000006
3367.59716796875,0.8019999861717224,3.9860000610351562,2021-06-02 19:26:00,1970-01-01 00:00:00.000002021,1970-01-01 00:00:00.000000002,1970-01-01 00:00:00.000000006
3367.59716796875,0.8019999861717224,3.986000061035156,2021-06-02 19:26:04,1970-01-01 00:00:00.000002021,1970-01-01 00:00:00.000000002,1970-01-01 00:00:00.000000006
3367.59716796875,0.8059999942779541,3.98799991607666,2021-06-02 19:33:53,1970-01-01 00:00:00.000002021,1970-01-01 00:00:00.000000002,1970-01-01 00:00:00.000000006
3367.59716796875,0.8059999942779541,3.98799991607666,2021-06-02 19:33:58,1970-01-01 00:00:00.000002021,1970-01-01 00:00:00.000000002,1970-01-01 00:00:00.000000006
3367.59716796875,0.8029999732971191,3.9860000610351562,2021-06-02 19:49:55,1970-01-01 00:00:00.000002021,1970-01-01 00:00:00.000000002,1970-01-01 00:00:00.000000006
3367.59716796875,0.8029999732971191,3.986000061035156,2021-06-02 19:50:00,1970-01-01 00:00:00.000002021,1970-01-01 00:00:00.000000002,1970-01-01 00:00:00.000000006
3367.59716796875,0.7979999780654907,3.982000112533569,2021-06-02 19:57:55,1970-01-01 00:00:00.000002021,1970-01-01 00:00:00.000000002,1970-01-01 00:00:00.000000006
3367.59716796875,0.7979999780654907,3.982000112533569,2021-06-02 19:58:00,1970-01-01 00:00:00.000002021,1970-01-01 00:00:00.000000002,1970-01-01 00:00:00.000000006
3367.59716796875,0.7969999909400941,3.982000112533569,2021-06-02 20:21:50,1970-01-01 00:00:00.000002021,1970-01-01 00:00:00.000000002,1970-01-01 00:00:00.000000006
3367.59716796875,0.7969999909400941,3.982000112533569,2021-06-02 20:21:55,1970-01-01 00:00:00.000002021,1970-01-01 00:00:00.000000002,1970-01-01 00:00:00.000000006
2248.354248046875,0.8000000119209291,3.9860000610351562,2021-06-02 20:29:53,1970-01-01 00:00:00.000002021,1970-01-01 00:00:00.000000002,1970-01-01 00:00:00.000000006
2248.354248046875,0.8000000119209291,3.986000061035156,2021-06-02 20:29:58,1970-01-01 00:00:00.000002021,1970-01-01 00:00:00.000000002,1970-01-01 00:00:00.000000006
2251.6435546875,0.8009999990463257,3.9860000610351562,2021-06-02 20:37:56,1970-01-01 00:00:00.000002021,1970-01-01 00:00:00.000000002,1970-01-01 00:00:00.000000006
2251.6435546875,0.8009999990463257,3.986000061035156,2021-06-02 20:38:00,1970-01-01 00:00:00.000002021,1970-01-01 00:00:00.000000002,1970-01-01 00:00:00.000000006
2268.913330078125,0.8009999990463257,3.9860000610351562,2021-06-02 20:45:49,1970-01-01 00:00:00.000002021,1970-01-01 00:00:00.000000002,1970-01-01 00:00:00.000000006
2268.913330078125,0.8009999990463257,3.986000061035156,2021-06-02 20:45:54,1970-01-01 00:00:00.000002021,1970-01-01 00:00:00.000000002,1970-01-01 00:00:00.000000006
3367.59716796875,0.8050000071525574,3.98799991607666,2021-06-02 20:53:48,1970-01-01 00:00:00.000002021,1970-01-01 00:00:00.000000002,1970-01-01 00:00:00.000000006
3367.59716796875,0.8050000071525574,3.98799991607666,2021-06-02 20:53:53,1970-01-01 00:00:00.000002021,1970-01-01 00:00:00.000000002,1970-01-01 00:00:00.000000006
3367.59716796875,0.8040000200271606,3.986999988555908,2021-06-02 21:01:54,1970-01-01 00:00:00.000002021,1970-01-01 00:00:00.000000002,1970-01-01 00:00:00.000000006
3367.59716796875,0.8040000200271606,3.986999988555908,2021-06-02 21:01:59,1970-01-01 00:00:00.000002021,1970-01-01 00:00:00.000000002,1970-01-01 00:00:00.000000006
3367.59716796875,0.8059999942779541,3.98799991607666,2021-06-02 21:09:47,1970-01-01 00:00:00.000002021,1970-01-01 00:00:00.000000002,1970-01-01 00:00:00.000000006
3367.59716796875,0.8059999942779541,3.98799991607666,2021-06-02 21:09:52,1970-01-01 00:00:00.000002021,1970-01-01 00:00:00.000000002,1970-01-01 00:00:00.000000006
2245.064697265625,0.8029999732971191,3.986999988555908,2021-06-02 21:33:48,1970-01-01 00:00:00.000002021,1970-01-01 00:00:00.000000002,1970-01-01 00:00:00.000000006
2245.064697265625,0.8029999732971191,3.986999988555908,2021-06-02 21:33:53,1970-01-01 00:00:00.000002021,1970-01-01 00:00:00.000000002,1970-01-01 00:00:00.000000006
2245.064697265625,0.8029999732971191,3.986999988555908,2021-06-02 21:33:57,1970-01-01 00:00:00.000002021,1970-01-01 00:00:00.000000002,1970-01-01 00:00:00.000000006
2245.064697265625,0.8029999732971191,3.986999988555908,2021-06-02 21:34:02,1970-01-01 00:00:00.000002021,1970-01-01 00:00:00.000000002,1970-01-01 00:00:00.000000006
2237.663330078125,0.7990000247955322,3.9839999675750732,2021-06-02 21:57:47,1970-01-01 00:00:00.000002021,1970-01-01 00:00:00.000000002,1970-01-01 00:00:00.000000006
2237.663330078125,0.7990000247955322,3.983999967575073,2021-06-02 21:57:52,1970-01-01 00:00:00.000002021,1970-01-01 00:00:00.000000002,1970-01-01 00:00:00.000000006
2240.952880859375,0.8050000071525574,3.98799991607666,2021-06-02 22:05:49,1970-01-01 00:00:00.000002021,1970-01-01 00:00:00.000000002,1970-01-01 00:00:00.000000006
2240.952880859375,0.8050000071525574,3.98799991607666,2021-06-02 22:05:54,1970-01-01 00:00:00.000002021,1970-01-01 00:00:00.000000002,1970-01-01 00:00:00.000000006
2240.952880859375,0.7969999909400941,3.982000112533569,2021-06-02 22:21:46,1970-01-01 00:00:00.000002021,1970-01-01 00:00:00.000000002,1970-01-01 00:00:00.000000006
2240.952880859375,0.7969999909400941,3.982000112533569,2021-06-02 22:21:50,1970-01-01 00:00:00.000002021,1970-01-01 00:00:00.000000002,1970-01-01 00:00:00.000000006
3367.59716796875,0.8000000119209291,3.9860000610351562,2021-06-02 22:29:45,1970-01-01 00:00:00.000002021,1970-01-01 00:00:00.000000002,1970-01-01 00:00:00.000000006
3367.59716796875,0.8000000119209291,3.986000061035156,2021-06-02 22:29:50,1970-01-01 00:00:00.000002021,1970-01-01 00:00:00.000000002,1970-01-01 00:00:00.000000006
2318.25537109375,0.7969999909400941,3.982000112533569,2021-06-02 22:37:44,1970-01-01 00:00:00.000002021,1970-01-01 00:00:00.000000002,1970-01-01 00:00:00.000000006
2318.25537109375,0.7969999909400941,3.982000112533569,2021-06-02 22:37:49,1970-01-01 00:00:00.000002021,1970-01-01 00:00:00.000000002,1970-01-01 00:00:00.000000006
2263.15673828125,0.7969999909400941,3.982000112533569,2021-06-02 22:45:44,1970-01-01 00:00:00.000002021,1970-01-01 00:00:00.000000002,1970-01-01 00:00:00.000000006
2263.15673828125,0.7969999909400941,3.982000112533569,2021-06-02 22:45:49,1970-01-01 00:00:00.000002021,1970-01-01 00:00:00.000000002,1970-01-01 00:00:00.000000006
2263.15673828125,0.7969999909400941,3.982000112533569,2021-06-02 22:45:53,1970-01-01 00:00:00.000002021,1970-01-01 00:00:00.000000002,1970-01-01 00:00:00.000000006
2263.15673828125,0.7969999909400941,3.982000112533569,2021-06-02 22:45:58,1970-01-01 00:00:00.000002021,1970-01-01 00:00:00.000000002,1970-01-01 00:00:00.000000006
2249.9990234375,0.7990000247955322,3.984999895095825,2021-06-02 23:17:38,1970-01-01 00:00:00.000002021,1970-01-01 00:00:00.000000002,1970-01-01 00:00:00.000000006
2249.9990234375,0.7990000247955322,3.984999895095825,2021-06-02 23:17:43,1970-01-01 00:00:00.000002021,1970-01-01 00:00:00.000000002,1970-01-01 00:00:00.000000006
2250.8212890625,0.7969999909400941,3.982000112533569,2021-06-02 23:25:38,1970-01-01 00:00:00.000002021,1970-01-01 00:00:00.000000002,1970-01-01 00:00:00.000000006
2250.8212890625,0.7969999909400941,3.982000112533569,2021-06-02 23:25:43,1970-01-01 00:00:00.000002021,1970-01-01 00:00:00.000000002,1970-01-01 00:00:00.000000006
2248.354248046875,0.8000000119209291,3.9860000610351562,2021-06-02 23:33:37,1970-01-01 00:00:00.000002021,1970-01-01 00:00:00.000000002,1970-01-01 00:00:00.000000006
2248.354248046875,0.8000000119209291,3.986000061035156,2021-06-02 23:33:42,1970-01-01 00:00:00.000002021,1970-01-01 00:00:00.000000002,1970-01-01 00:00:00.000000006
2239.30810546875,0.7969999909400941,3.982000112533569,2021-06-02 23:41:40,1970-01-01 00:00:00.000002021,1970-01-01 00:00:00.000000002,1970-01-01 00:00:00.000000006
2239.30810546875,0.7969999909400941,3.982000112533569,2021-06-02 23:41:44,1970-01-01 00:00:00.000002021,1970-01-01 00:00:00.000000002,1970-01-01 00:00:00.000000006
2223.68310546875,0.8000000119209291,3.9860000610351562,2021-06-02 23:57:35,1970-01-01 00:00:00.000002021,1970-01-01 00:00:00.000000002,1970-01-01 00:00:00.000000006
2223.68310546875,0.8000000119209291,3.986000061035156,2021-06-02 23:57:40,1970-01-01 00:00:00.000002021,1970-01-01 00:00:00.000000002,1970-01-01 00:00:00.000000006
2252.466064453125,0.7969999909400941,3.982000112533569,2021-07-02 00:05:41,1970-01-01 00:00:00.000002021,1970-01-01 00:00:00.000000002,1970-01-01 00:00:00.000000007
2252.466064453125,0.7969999909400941,3.982000112533569,2021-07-02 00:05:46,1970-01-01 00:00:00.000002021,1970-01-01 00:00:00.000000002,1970-01-01 00:00:00.000000007
3367.59716796875,0.7940000295639038,3.9809999465942383,2021-07-02 00:13:35,1970-01-01 00:00:00.000002021,1970-01-01 00:00:00.000000002,1970-01-01 00:00:00.000000007
3367.59716796875,0.7940000295639038,3.9809999465942383,2021-07-02 00:13:39,1970-01-01 00:00:00.000002021,1970-01-01 00:00:00.000000002,1970-01-01 00:00:00.000000007
3367.59716796875,0.7960000038146973,3.982000112533569,2021-07-02 00:29:33,1970-01-01 00:00:00.000002021,1970-01-01 00:00:00.000000002,1970-01-01 00:00:00.000000007
3367.59716796875,0.7960000038146973,3.982000112533569,2021-07-02 00:29:38,1970-01-01 00:00:00.000002021,1970-01-01 00:00:00.000000002,1970-01-01 00:00:00.000000007
3367.59716796875,0.7979999780654907,3.9839999675750732,2021-07-02 00:37:39,1970-01-01 00:00:00.000002021,1970-01-01 00:00:00.000000002,1970-01-01 00:00:00.000000007
3367.59716796875,0.7979999780654907,3.983999967575073,2021-07-02 00:37:43,1970-01-01 00:00:00.000002021,1970-01-01 00:00:00.000000002,1970-01-01 00:00:00.000000007
3367.59716796875,0.7950000166893005,3.982000112533569,2021-07-02 00:45:32,1970-01-01 00:00:00.000002021,1970-01-01 00:00:00.000000002,1970-01-01 00:00:00.000000007
3367.59716796875,0.7950000166893005,3.982000112533569,2021-07-02 00:45:37,1970-01-01 00:00:00.000002021,1970-01-01 00:00:00.000000002,1970-01-01 00:00:00.000000007
3367.59716796875,0.7960000038146973,3.982000112533569,2021-07-02 01:01:34,1970-01-01 00:00:00.000002021,1970-01-01 00:00:00.000000002,1970-01-01 00:00:00.000000007
3367.59716796875,0.7960000038146973,3.982000112533569,2021-07-02 01:01:39,1970-01-01 00:00:00.000002021,1970-01-01 00:00:00.000000002,1970-01-01 00:00:00.000000007
2276.314697265625,0.7940000295639038,3.982000112533569,2021-07-02 01:17:30,1970-01-01 00:00:00.000002021,1970-01-01 00:00:00.000000002,1970-01-01 00:00:00.000000007
2276.314697265625,0.7940000295639038,3.982000112533569,2021-07-02 01:17:35,1970-01-01 00:00:00.000002021,1970-01-01 00:00:00.000000002,1970-01-01 00:00:00.000000007
3367.59716796875,0.7919999957084656,3.9790000915527344,2021-07-02 01:33:32,1970-01-01 00:00:00.000002021,1970-01-01 00:00:00.000000002,1970-01-01 00:00:00.000000007
3367.59716796875,0.7919999957084656,3.9790000915527344,2021-07-02 01:33:37,1970-01-01 00:00:00.000002021,1970-01-01 00:00:00.000000002,1970-01-01 00:00:00.000000007
3367.59716796875,0.7950000166893005,3.9800000190734863,2021-07-02 01:49:31,1970-01-01 00:00:00.000002021,1970-01-01 00:00:00.000000002,1970-01-01 00:00:00.000000007
3367.59716796875,0.7950000166893005,3.9800000190734863,2021-07-02 01:49:35,1970-01-01 00:00:00.000002021,1970-01-01 00:00:00.000000002,1970-01-01 00:00:00.000000007
3367.59716796875,0.7950000166893005,3.9800000190734863,2021-07-02 01:49:40,1970-01-01 00:00:00.000002021,1970-01-01 00:00:00.000000002,1970-01-01 00:00:00.000000007
3367.59716796875,0.7950000166893005,3.9800000190734863,2021-07-02 01:49:45,1970-01-01 00:00:00.000002021,1970-01-01 00:00:00.000000002,1970-01-01 00:00:00.000000007
2284.538330078125,0.7919999957084656,3.9800000190734863,2021-07-02 02:21:32,1970-01-01 00:00:00.000002021,1970-01-01 00:00:00.000000002,1970-01-01 00:00:00.000000007
2284.538330078125,0.7919999957084656,3.9800000190734863,2021-07-02 02:21:36,1970-01-01 00:00:00.000002021,1970-01-01 00:00:00.000000002,1970-01-01 00:00:00.000000007
3367.59716796875,0.7860000133514404,3.9769999980926514,2021-07-02 02:45:23,1970-01-01 00:00:00.000002021,1970-01-01 00:00:00.000000002,1970-01-01 00:00:00.000000007
3367.59716796875,0.7860000133514404,3.9769999980926514,2021-07-02 02:45:28,1970-01-01 00:00:00.000002021,1970-01-01 00:00:00.000000002,1970-01-01 00:00:00.000000007
3367.59716796875,0.7889999747276306,3.9769999980926514,2021-07-02 03:01:28,1970-01-01 00:00:00.000002021,1970-01-01 00:00:00.000000002,1970-01-01 00:00:00.000000007
3367.59716796875,0.7889999747276306,3.9769999980926514,2021-07-02 03:01:33,1970-01-01 00:00:00.000002021,1970-01-01 00:00:00.000000002,1970-01-01 00:00:00.000000007
3367.59716796875,0.7969999909400941,3.9830000400543213,2021-07-02 03:09:22,1970-01-01 00:00:00.000002021,1970-01-01 00:00:00.000000002,1970-01-01 00:00:00.000000007
3367.59716796875,0.7969999909400941,3.983000040054321,2021-07-02 03:09:27,1970-01-01 00:00:00.000002021,1970-01-01 00:00:00.000000002,1970-01-01 00:00:00.000000007
2231.90673828125,0.7940000295639038,3.9809999465942383,2021-07-02 03:17:21,1970-01-01 00:00:00.000002021,1970-01-01 00:00:00.000000002,1970-01-01 00:00:00.000000007
2231.90673828125,0.7940000295639038,3.9809999465942383,2021-07-02 03:17:26,1970-01-01 00:00:00.000002021,1970-01-01 00:00:00.000000002,1970-01-01 00:00:00.000000007
2231.90673828125,0.7940000295639038,3.9809999465942383,2021-07-02 03:17:31,1970-01-01 00:00:00.000002021,1970-01-01 00:00:00.000000002,1970-01-01 00:00:00.000000007
2231.90673828125,0.7940000295639038,3.9809999465942383,2021-07-02 03:17:35,1970-01-01 00:00:00.000002021,1970-01-01 00:00:00.000000002,1970-01-01 00:00:00.000000007
2237.663330078125,0.7850000262260437,3.9749999046325684,2021-07-02 03:33:26,1970-01-01 00:00:00.000002021,1970-01-01 00:00:00.000000002,1970-01-01 00:00:00.000000007
2237.663330078125,0.7850000262260437,3.974999904632568,2021-07-02 03:33:31,1970-01-01 00:00:00.000002021,1970-01-01 00:00:00.000000002,1970-01-01 00:00:00.000000007
2255.755615234375,0.781000018119812,3.971999883651733,2021-07-02 03:57:18,1970-01-01 00:00:00.000002021,1970-01-01 00:00:00.000000002,1970-01-01 00:00:00.000000007
2255.755615234375,0.781000018119812,3.971999883651733,2021-07-02 03:57:23,1970-01-01 00:00:00.000002021,1970-01-01 00:00:00.000000002,1970-01-01 00:00:00.000000007
2211.34765625,0.7900000214576721,3.9790000915527344,2021-07-02 04:05:24,1970-01-01 00:00:00.000002021,1970-01-01 00:00:00.000000002,1970-01-01 00:00:00.000000007
2211.34765625,0.7900000214576721,3.9790000915527344,2021-07-02 04:05:29,1970-01-01 00:00:00.000002021,1970-01-01 00:00:00.000000002,1970-01-01 00:00:00.000000007
3367.59716796875,0.7850000262260437,3.9749999046325684,2021-07-02 04:13:17,1970-01-01 00:00:00.000002021,1970-01-01 00:00:00.000000002,1970-01-01 00:00:00.000000007
3367.59716796875,0.7850000262260437,3.974999904632568,2021-07-02 04:13:22,1970-01-01 00:00:00.000002021,1970-01-01 00:00:00.000000002,1970-01-01 00:00:00.000000007
3367.59716796875,0.7929999828338623,3.9809999465942383,2021-07-02 04:37:16,1970-01-01 00:00:00.000002021,1970-01-01 00:00:00.000000002,1970-01-01 00:00:00.000000007
3367.59716796875,0.7929999828338623,3.9809999465942383,2021-07-02 04:37:21,1970-01-01 00:00:00.000002021,1970-01-01 00:00:00.000000002,1970-01-01 00:00:00.000000007
3367.59716796875,0.7929999828338623,3.9809999465942383,2021-07-02 04:45:18,1970-01-01 00:00:00.000002021,1970-01-01 00:00:00.000000002,1970-01-01 00:00:00.000000007
3367.59716796875,0.7929999828338623,3.9809999465942383,2021-07-02 04:45:23,1970-01-01 00:00:00.000002021,1970-01-01 00:00:00.000000002,1970-01-01 00:00:00.000000007
3367.59716796875,0.7929999828338623,3.9809999465942383,2021-07-02 04:45:28,1970-01-01 00:00:00.000002021,1970-01-01 00:00:00.000000002,1970-01-01 00:00:00.000000007
3367.59716796875,0.7929999828338623,3.9809999465942383,2021-07-02 04:45:33,1970-01-01 00:00:00.000002021,1970-01-01 00:00:00.000000002,1970-01-01 00:00:00.000000007
2247.53173828125,0.7929999828338623,3.9809999465942383,2021-07-02 04:53:21,1970-01-01 00:00:00.000002021,1970-01-01 00:00:00.000000002,1970-01-01 00:00:00.000000007
2247.53173828125,0.7929999828338623,3.9809999465942383,2021-07-02 04:53:25,1970-01-01 00:00:00.000002021,1970-01-01 00:00:00.000000002,1970-01-01 00:00:00.000000007
2223.68310546875,0.7829999923706055,3.973000049591065,2021-07-02 05:17:17,1970-01-01 00:00:00.000002021,1970-01-01 00:00:00.000000002,1970-01-01 00:00:00.000000007
2223.68310546875,0.7829999923706055,3.973000049591065,2021-07-02 05:17:21,1970-01-01 00:00:00.000002021,1970-01-01 00:00:00.000000002,1970-01-01 00:00:00.000000007
3367.59716796875,0.7870000004768372,3.9760000705718994,2021-07-02 05:25:19,1970-01-01 00:00:00.000002021,1970-01-01 00:00:00.000000002,1970-01-01 00:00:00.000000007
3367.59716796875,0.7870000004768372,3.9760000705718994,2021-07-02 05:25:24,1970-01-01 00:00:00.000002021,1970-01-01 00:00:00.000000002,1970-01-01 00:00:00.000000007
3367.59716796875,0.7870000004768372,3.9760000705718994,2021-07-02 05:33:18,1970-01-01 00:00:00.000002021,1970-01-01 00:00:00.000000002,1970-01-01 00:00:00.000000007
3367.59716796875,0.7870000004768372,3.9760000705718994,2021-07-02 05:33:23,1970-01-01 00:00:00.000002021,1970-01-01 00:00:00.000000002,1970-01-01 00:00:00.000000007
3367.59716796875,0.7919999957084656,3.9790000915527344,2021-07-02 05:49:14,1970-01-01 00:00:00.000002021,1970-01-01 00:00:00.000000002,1970-01-01 00:00:00.000000007
3367.59716796875,0.7919999957084656,3.9790000915527344,2021-07-02 05:49:18,1970-01-01 00:00:00.000002021,1970-01-01 00:00:00.000000002,1970-01-01 00:00:00.000000007
2239.30810546875,0.7910000085830688,3.9769999980926514,2021-07-02 06:05:13,1970-01-01 00:00:00.000002021,1970-01-01 00:00:00.000000002,1970-01-01 00:00:00.000000007
2239.30810546875,0.7910000085830688,3.9769999980926514,2021-07-02 06:05:17,1970-01-01 00:00:00.000002021,1970-01-01 00:00:00.000000002,1970-01-01 00:00:00.000000007
3367.59716796875,0.7870000004768372,3.9760000705718994,2021-07-02 06:21:11,1970-01-01 00:00:00.000002021,1970-01-01 00:00:00.000000002,1970-01-01 00:00:00.000000007
3367.59716796875,0.7870000004768372,3.9760000705718994,2021-07-02 06:21:16,1970-01-01 00:00:00.000002021,1970-01-01 00:00:00.000000002,1970-01-01 00:00:00.000000007
3367.59716796875,0.7870000004768372,3.9760000705718994,2021-07-02 06:21:21,1970-01-01 00:00:00.000002021,1970-01-01 00:00:00.000000002,1970-01-01 00:00:00.000000007
3367.59716796875,0.7870000004768372,3.9760000705718994,2021-07-02 06:21:25,1970-01-01 00:00:00.000002021,1970-01-01 00:00:00.000000002,1970-01-01 00:00:00.000000007
3367.59716796875,0.7900000214576721,3.9769999980926514,2021-07-02 06:29:14,1970-01-01 00:00:00.000002021,1970-01-01 00:00:00.000000002,1970-01-01 00:00:00.000000007
3367.59716796875,0.7900000214576721,3.9769999980926514,2021-07-02 06:29:18,1970-01-01 00:00:00.000002021,1970-01-01 00:00:00.000000002,1970-01-01 00:00:00.000000007
3367.59716796875,0.7829999923706055,3.9749999046325684,2021-07-02 07:01:08,1970-01-01 00:00:00.000002021,1970-01-01 00:00:00.000000002,1970-01-01 00:00:00.000000007
3367.59716796875,0.7829999923706055,3.974999904632568,2021-07-02 07:01:13,1970-01-01 00:00:00.000002021,1970-01-01 00:00:00.000000002,1970-01-01 00:00:00.000000007
3367.59716796875,0.7799999713897705,3.971999883651733,2021-07-02 07:09:08,1970-01-01 00:00:00.000002021,1970-01-01 00:00:00.000000002,1970-01-01 00:00:00.000000007
3367.59716796875,0.7799999713897705,3.971999883651733,2021-07-02 07:09:13,1970-01-01 00:00:00.000002021,1970-01-01 00:00:00.000000002,1970-01-01 00:00:00.000000007
3367.59716796875,0.7860000133514404,3.9760000705718994,2021-07-02 07:17:10,1970-01-01 00:00:00.000002021,1970-01-01 00:00:00.000000002,1970-01-01 00:00:00.000000007
3367.59716796875,0.7860000133514404,3.9760000705718994,2021-07-02 07:17:15,1970-01-01 00:00:00.000002021,1970-01-01 00:00:00.000000002,1970-01-01 00:00:00.000000007
3367.59716796875,0.7820000052452087,3.973000049591065,2021-07-02 07:25:04,1970-01-01 00:00:00.000002021,1970-01-01 00:00:00.000000002,1970-01-01 00:00:00.000000007
3367.59716796875,0.7820000052452087,3.973000049591065,2021-07-02 07:25:08,1970-01-01 00:00:00.000002021,1970-01-01 00:00:00.000000002,1970-01-01 00:00:00.000000007
3367.59716796875,0.7760000228881836,3.9700000286102295,2021-07-02 07:49:05,1970-01-01 00:00:00.000002021,1970-01-01 00:00:00.000000002,1970-01-01 00:00:00.000000007
3367.59716796875,0.7760000228881836,3.9700000286102295,2021-07-02 07:49:10,1970-01-01 00:00:00.000002021,1970-01-01 00:00:00.000000002,1970-01-01 00:00:00.000000007
3367.59716796875,0.7760000228881836,3.9700000286102295,2021-07-02 07:49:15,1970-01-01 00:00:00.000002021,1970-01-01 00:00:00.000000002,1970-01-01 00:00:00.000000007
3367.59716796875,0.7760000228881836,3.9700000286102295,2021-07-02 07:49:19,1970-01-01 00:00:00.000002021,1970-01-01 00:00:00.000000002,1970-01-01 00:00:00.000000007
2261.511962890625,0.7799999713897705,3.971999883651733,2021-07-02 08:05:04,1970-01-01 00:00:00.000002021,1970-01-01 00:00:00.000000002,1970-01-01 00:00:00.000000007
2261.511962890625,0.7799999713897705,3.971999883651733,2021-07-02 08:05:09,1970-01-01 00:00:00.000002021,1970-01-01 00:00:00.000000002,1970-01-01 00:00:00.000000007
2251.6435546875,0.7799999713897705,3.971999883651733,2021-07-02 08:13:07,1970-01-01 00:00:00.000002021,1970-01-01 00:00:00.000000002,1970-01-01 00:00:00.000000007
2251.6435546875,0.7799999713897705,3.971999883651733,2021-07-02 08:13:11,1970-01-01 00:00:00.000002021,1970-01-01 00:00:00.000000002,1970-01-01 00:00:00.000000007
3367.59716796875,0.7799999713897705,3.971999883651733,2021-07-02 08:21:06,1970-01-01 00:00:00.000002021,1970-01-01 00:00:00.000000002,1970-01-01 00:00:00.000000007
3367.59716796875,0.7799999713897705,3.971999883651733,2021-07-02 08:21:11,1970-01-01 00:00:00.000002021,1970-01-01 00:00:00.000000002,1970-01-01 00:00:00.000000007
3367.59716796875,0.7850000262260437,3.9760000705718994,2021-07-02 08:29:05,1970-01-01 00:00:00.000002021,1970-01-01 00:00:00.000000002,1970-01-01 00:00:00.000000007
3367.59716796875,0.7850000262260437,3.9760000705718994,2021-07-02 08:29:10,1970-01-01 00:00:00.000002021,1970-01-01 00:00:00.000000002,1970-01-01 00:00:00.000000007
2239.30810546875,0.7799999713897705,3.971999883651733,2021-07-02 09:01:01,1970-01-01 00:00:00.000002021,1970-01-01 00:00:00.000000002,1970-01-01 00:00:00.000000007
2239.30810546875,0.7799999713897705,3.971999883651733,2021-07-02 09:01:06,1970-01-01 00:00:00.000002021,1970-01-01 00:00:00.000000002,1970-01-01 00:00:00.000000007
2239.30810546875,0.7799999713897705,3.971999883651733,2021-07-02 09:01:11,1970-01-01 00:00:00.000002021,1970-01-01 00:00:00.000000002,1970-01-01 00:00:00.000000007
2239.30810546875,0.7799999713897705,3.971999883651733,2021-07-02 09:01:15,1970-01-01 00:00:00.000002021,1970-01-01 00:00:00.000000002,1970-01-01 00:00:00.000000007
3367.59716796875,0.7850000262260437,3.9760000705718994,2021-07-02 09:32:59,1970-01-01 00:00:00.000002021,1970-01-01 00:00:00.000000002,1970-01-01 00:00:00.000000007
3367.59716796875,0.7850000262260437,3.9760000705718994,2021-07-02 09:33:04,1970-01-01 00:00:00.000002021,1970-01-01 00:00:00.000000002,1970-01-01 00:00:00.000000007
3367.59716796875,0.7839999794960022,3.9749999046325684,2021-07-02 09:40:58,1970-01-01 00:00:00.000002021,1970-01-01 00:00:00.000000002,1970-01-01 00:00:00.000000007
3367.59716796875,0.7839999794960022,3.974999904632568,2021-07-02 09:41:03,1970-01-01 00:00:00.000002021,1970-01-01 00:00:00.000000002,1970-01-01 00:00:00.000000007
3367.59716796875,0.7839999794960022,3.9749999046325684,2021-07-02 09:48:58,1970-01-01 00:00:00.000002021,1970-01-01 00:00:00.000000002,1970-01-01 00:00:00.000000007
3367.59716796875,0.7839999794960022,3.974999904632568,2021-07-02 09:49:03,1970-01-01 00:00:00.000002021,1970-01-01 00:00:00.000000002,1970-01-01 00:00:00.000000007
3367.59716796875,0.7839999794960022,3.9749999046325684,2021-07-02 09:49:08,1970-01-01 00:00:00.000002021,1970-01-01 00:00:00.000000002,1970-01-01 00:00:00.000000007
3367.59716796875,0.7839999794960022,3.974999904632568,2021-07-02 09:49:12,1970-01-01 00:00:00.000002021,1970-01-01 00:00:00.000000002,1970-01-01 00:00:00.000000007
1662.828125,0.7820000052452087,3.971999883651733,2021-07-02 10:12:57,1970-01-01 00:00:00.000002021,1970-01-01 00:00:00.000000002,1970-01-01 00:00:00.000000007
1662.828125,0.7820000052452087,3.971999883651733,2021-07-02 10:13:01,1970-01-01 00:00:00.000002021,1970-01-01 00:00:00.000000002,1970-01-01 00:00:00.000000007
1691.611083984375,0.7839999794960022,3.9760000705718994,2021-07-02 10:28:56,1970-01-01 00:00:00.000002021,1970-01-01 00:00:00.000000002,1970-01-01 00:00:00.000000007
1691.611083984375,0.7839999794960022,3.9760000705718994,2021-07-02 10:29:00,1970-01-01 00:00:00.000002021,1970-01-01 00:00:00.000000002,1970-01-01 00:00:00.000000007
1681.7425537109375,0.7770000100135803,3.9700000286102295,2021-07-02 10:36:55,1970-01-01 00:00:00.000002021,1970-01-01 00:00:00.000000002,1970-01-01 00:00:00.000000007
1681.7425537109375,0.7770000100135803,3.9700000286102295,2021-07-02 10:37:00,1970-01-01 00:00:00.000002021,1970-01-01 00:00:00.000000002,1970-01-01 00:00:00.000000007
1726.1505126953125,0.777999997138977,3.9700000286102295,2021-07-02 10:52:54,1970-01-01 00:00:00.000002021,1970-01-01 00:00:00.000000002,1970-01-01 00:00:00.000000007
1726.1505126953125,0.777999997138977,3.9700000286102295,2021-07-02 10:52:59,1970-01-01 00:00:00.000002021,1970-01-01 00:00:00.000000002,1970-01-01 00:00:00.000000007
1681.7425537109375,0.7820000052452087,3.9749999046325684,2021-07-02 11:00:53,1970-01-01 00:00:00.000002021,1970-01-01 00:00:00.000000002,1970-01-01 00:00:00.000000007
1681.7425537109375,0.7820000052452087,3.974999904632568,2021-07-02 11:00:58,1970-01-01 00:00:00.000002021,1970-01-01 00:00:00.000000002,1970-01-01 00:00:00.000000007
1673.5189208984375,0.7799999713897705,3.971999883651733,2021-07-02 11:16:53,1970-01-01 00:00:00.000002021,1970-01-01 00:00:00.000000002,1970-01-01 00:00:00.000000007
1673.5189208984375,0.7799999713897705,3.971999883651733,2021-07-02 11:16:57,1970-01-01 00:00:00.000002021,1970-01-01 00:00:00.000000002,1970-01-01 00:00:00.000000007
3367.59716796875,0.7789999842643738,3.971999883651733,2021-07-02 11:40:48,1970-01-01 00:00:00.000002021,1970-01-01 00:00:00.000000002,1970-01-01 00:00:00.000000007
3367.59716796875,0.7789999842643738,3.971999883651733,2021-07-02 11:40:53,1970-01-01 00:00:00.000002021,1970-01-01 00:00:00.000000002,1970-01-01 00:00:00.000000007
537.8286743164061,0.777999997138977,3.971999883651733,2021-07-02 11:48:50,1970-01-01 00:00:00.000002021,1970-01-01 00:00:00.000000002,1970-01-01 00:00:00.000000007
537.8286743164061,0.777999997138977,3.971999883651733,2021-07-02 11:48:56,1970-01-01 00:00:00.000002021,1970-01-01 00:00:00.000000002,1970-01-01 00:00:00.000000007
535.361572265625,0.7789999842643738,3.971999883651733,2021-07-02 12:12:48,1970-01-01 00:00:00.000002021,1970-01-01 00:00:00.000000002,1970-01-01 00:00:00.000000007
535.361572265625,0.7789999842643738,3.971999883651733,2021-07-02 12:12:54,1970-01-01 00:00:00.000002021,1970-01-01 00:00:00.000000002,1970-01-01 00:00:00.000000007
560.85498046875,0.7730000019073486,3.9679999351501465,2021-07-02 12:28:47,1970-01-01 00:00:00.000002021,1970-01-01 00:00:00.000000002,1970-01-01 00:00:00.000000007
560.85498046875,0.7730000019073486,3.9679999351501465,2021-07-02 12:28:53,1970-01-01 00:00:00.000002021,1970-01-01 00:00:00.000000002,1970-01-01 00:00:00.000000007
497.53265380859375,0.7749999761581421,3.9679999351501465,2021-07-02 12:36:46,1970-01-01 00:00:00.000002021,1970-01-01 00:00:00.000000002,1970-01-01 00:00:00.000000007
497.53265380859375,0.7749999761581421,3.9679999351501465,2021-07-02 12:36:52,1970-01-01 00:00:00.000002021,1970-01-01 00:00:00.000000002,1970-01-01 00:00:00.000000007
535.361572265625,0.7749999761581421,3.9679999351501465,2021-07-02 12:44:49,1970-01-01 00:00:00.000002021,1970-01-01 00:00:00.000000002,1970-01-01 00:00:00.000000007
535.361572265625,0.7749999761581421,3.9679999351501465,2021-07-02 12:44:54,1970-01-01 00:00:00.000002021,1970-01-01 00:00:00.000000002,1970-01-01 00:00:00.000000007
514.8023681640625,0.781000018119812,3.973000049591065,2021-07-02 13:00:45,1970-01-01 00:00:00.000002021,1970-01-01 00:00:00.000000002,1970-01-01 00:00:00.000000007
514.8023681640625,0.781000018119812,3.973000049591065,2021-07-02 13:00:51,1970-01-01 00:00:00.000002021,1970-01-01 00:00:00.000000002,1970-01-01 00:00:00.000000007
514.8023681640625,0.781000018119812,3.973000049591065,2021-07-02 13:00:56,1970-01-01 00:00:00.000002021,1970-01-01 00:00:00.000000002,1970-01-01 00:00:00.000000007
514.8023681640625,0.781000018119812,3.973000049591065,2021-07-02 13:01:02,1970-01-01 00:00:00.000002021,1970-01-01 00:00:00.000000002,1970-01-01 00:00:00.000000007
510.6905517578125,0.7760000228881836,3.9700000286102295,2021-07-02 13:08:41,1970-01-01 00:00:00.000002021,1970-01-01 00:00:00.000000002,1970-01-01 00:00:00.000000007
510.6905517578125,0.7760000228881836,3.9700000286102295,2021-07-02 13:08:47,1970-01-01 00:00:00.000002021,1970-01-01 00:00:00.000000002,1970-01-01 00:00:00.000000007
509.0458068847656,0.7749999761581421,3.9700000286102295,2021-07-02 13:16:47,1970-01-01 00:00:00.000002021,1970-01-01 00:00:00.000000002,1970-01-01 00:00:00.000000007
509.0458068847656,0.7749999761581421,3.9700000286102295,2021-07-02 13:16:53,1970-01-01 00:00:00.000002021,1970-01-01 00:00:00.000000002,1970-01-01 00:00:00.000000007
555.098388671875,0.7739999890327454,3.9690001010894775,2021-07-02 13:24:40,1970-01-01 00:00:00.000002021,1970-01-01 00:00:00.000000002,1970-01-01 00:00:00.000000007
555.098388671875,0.7739999890327454,3.9690001010894775,2021-07-02 13:24:47,1970-01-01 00:00:00.000002021,1970-01-01 00:00:00.000000002,1970-01-01 00:00:00.000000007
555.098388671875,0.7739999890327454,3.9690001010894775,2021-07-02 13:24:53,1970-01-01 00:00:00.000002021,1970-01-01 00:00:00.000000002,1970-01-01 00:00:00.000000007
555.098388671875,0.7739999890327454,3.9690001010894775,2021-07-02 13:24:59,1970-01-01 00:00:00.000002021,1970-01-01 00:00:00.000000002,1970-01-01 00:00:00.000000007
276.31564331054693,0.7730000019073486,3.9670000076293945,2021-07-02 13:32:42,1970-01-01 00:00:00.000002021,1970-01-01 00:00:00.000000002,1970-01-01 00:00:00.000000007
276.31564331054693,0.7730000019073486,3.9670000076293945,2021-07-02 13:32:49,1970-01-01 00:00:00.000002021,1970-01-01 00:00:00.000000002,1970-01-01 00:00:00.000000007
3367.59716796875,0.7770000100135803,3.9700000286102295,2021-07-02 13:56:38,1970-01-01 00:00:00.000002021,1970-01-01 00:00:00.000000002,1970-01-01 00:00:00.000000007
3367.59716796875,0.7770000100135803,3.9700000286102295,2021-07-02 13:56:45,1970-01-01 00:00:00.000002021,1970-01-01 00:00:00.000000002,1970-01-01 00:00:00.000000007
3367.59716796875,0.7770000100135803,3.9700000286102295,2021-07-02 13:56:51,1970-01-01 00:00:00.000002021,1970-01-01 00:00:00.000000002,1970-01-01 00:00:00.000000007
3367.59716796875,0.7770000100135803,3.9700000286102295,2021-07-02 13:56:58,1970-01-01 00:00:00.000002021,1970-01-01 00:00:00.000000002,1970-01-01 00:00:00.000000007
3367.59716796875,0.7739999890327454,3.9690001010894775,2021-07-02 14:12:40,1970-01-01 00:00:00.000002021,1970-01-01 00:00:00.000000002,1970-01-01 00:00:00.000000007
3367.59716796875,0.7739999890327454,3.9690001010894775,2021-07-02 14:12:46,1970-01-01 00:00:00.000002021,1970-01-01 00:00:00.000000002,1970-01-01 00:00:00.000000007
3367.59716796875,0.7739999890327454,3.9679999351501465,2021-07-02 14:28:40,1970-01-01 00:00:00.000002021,1970-01-01 00:00:00.000000002,1970-01-01 00:00:00.000000007
3367.59716796875,0.7739999890327454,3.9679999351501465,2021-07-02 14:28:49,1970-01-01 00:00:00.000002021,1970-01-01 00:00:00.000000002,1970-01-01 00:00:00.000000007
3367.59716796875,0.7749999761581421,3.9679999351501465,2021-07-02 14:44:39,1970-01-01 00:00:00.000002021,1970-01-01 00:00:00.000000002,1970-01-01 00:00:00.000000007
3367.59716796875,0.7749999761581421,3.9679999351501465,2021-07-02 14:44:45,1970-01-01 00:00:00.000002021,1970-01-01 00:00:00.000000002,1970-01-01 00:00:00.000000007
3367.59716796875,0.781000018119812,3.973000049591065,2021-07-02 15:00:39,1970-01-01 00:00:00.000002021,1970-01-01 00:00:00.000000002,1970-01-01 00:00:00.000000007
3367.59716796875,0.781000018119812,3.973000049591065,2021-07-02 15:00:45,1970-01-01 00:00:00.000002021,1970-01-01 00:00:00.000000002,1970-01-01 00:00:00.000000007
